row_index,reasoning_effort,actual,llm_pred,prob_fully_paid,llm_reasoning,xgb_pred,xgb_prob
0,low,1,1,,"This borrower shows solid credit quality with a mid-to-high 690s FICO, no recent delinquencies, no bankruptcies, no recent inquiries, and a long employment and credit history. While revolving utilization is somewhat elevated, the overall profile, moderate DTI, and B-grade pricing suggest a higher likelihood of full repayment than charge-off.",1,0.6231263279914856
1,low,1,0,,"Although the applicant has a long credit history, moderate loan size, and low debt-to-income ratio, the low-mid 660s FICO combined with a prior public-record bankruptcy and derogatory record materially increases default risk. The B5 grade and relatively high revolving utilization further suggest elevated credit stress, making charge-off more likely than full repayment.",1,0.6668004989624023
2,low,1,1,,"This application shows generally strong repayment capacity, with high income, low debt-to-income ratio, solid credit history length, no recent delinquencies or inquiries, and a good B1 grade with moderate interest rate. While there is some past delinquency and relatively high revolving utilization, the overall profile looks more consistent with a fully paid loan than a charge-off.",1,0.8110950589179993
3,low,1,1,,"This borrower appears likely to fully repay given the strong credit profile: high A-grade loan, solid FICO in the low 730s, high income, long employment and credit history, and no recent delinquencies or bankruptcies. The debt burden and revolving utilization are moderate, and although there is a past delinquency on record, the overall risk indicators are favorable.",1,0.8738787770271301
4,low,1,1,,"This applicant shows several positive repayment indicators: solid income relative to the loan size, a long credit history, good FICO around 700, and no recent delinquencies or inquiries. While the very high revolving utilization and past delinquency add risk, the overall profile still leans toward fully paid rather than charged off.",1,0.7447378635406494
5,low,1,1,,"This borrower appears more likely to fully repay based on a solid B-grade profile, verified $65,000 income, moderate DTI of 14.31, and no delinquencies or bankruptcies on record. The credit profile is reasonably strong with mid-to-high 690s FICO, moderate revolving utilization, and a manageable loan amount over 36 months.",1,0.6380402445793152
6,low,1,1,,"This borrower appears very likely to fully repay due to the excellent A1 grade, very high FICO score, low interest rate, and clean credit history with no delinquencies, bankruptcies, or recent inquiries. Revolving utilization is moderate and the long credit history supports strong creditworthiness despite a somewhat elevated DTI.",1,0.9028882384300232
7,low,1,0,,"This application shows several meaningful risk signals, including a 60-month term at 16.2% interest, high revolving utilization, a prior public-record bankruptcy, and only moderate FICO scores in the high-600s. While the borrower has a long credit history, stable employment, and low stated DTI, the overall profile leans toward elevated default risk.",0,0.4120224118232727
8,low,1,1,,"Despite the high interest rate and elevated debt-to-income and revolving utilization, the borrower has a solid FICO score, long credit history, stable long-term employment, and no recent delinquencies, bankruptcies, or inquiries. These positive credit stability indicators suggest a higher likelihood of full repayment than default.",0,0.22810080647468567
9,low,1,1,,"This borrower shows generally strong credit quality, with a solid FICO around 705-709, long credit history, stable income, and no recent 30+ day delinquencies or bankruptcies. While revolving utilization is somewhat high and there is an older delinquency on record, the overall profile supports a higher likelihood of full repayment.",1,0.7869284749031067
10,low,1,1,,"This borrower appears more likely to fully repay due to a solid FICO score, long credit history, no recent delinquencies, no bankruptcies, and a moderate debt-to-income ratio. While revolving utilization is somewhat high and there is a past delinquency, the overall credit profile and verified income suggest lower default risk.",1,0.6974790096282959
11,low,1,1,,"This borrower shows several positive repayment indicators, including solid income, verified employment, long credit history, no recent delinquencies or bankruptcies, and a mid-to-good FICO score. Although revolving utilization is very high, the overall profile and moderate DTI suggest a higher likelihood of full repayment than charge-off.",1,0.7528872489929199
12,low,1,0,,"This application shows elevated default risk due to a mid-grade C3 loan, relatively high debt-to-income ratio and revolving utilization, plus recent delinquency history with 2 delinquencies in the last 2 years. While the borrower has long credit history, home ownership, and no bankruptcies, the overall credit profile points more toward charge-off than full repayment.",1,0.5680384635925293
13,low,1,1,,"This borrower appears very likely to fully repay given the excellent credit profile: high FICO score, top-tier A1 grade, long credit history, no delinquencies or bankruptcies, and low revolving utilization. The loan amount is modest relative to income, and the low debt-to-income ratio further supports strong repayment capacity.",1,0.8363387584686279
14,low,0,1,,"This borrower shows relatively strong credit quality with a solid FICO score around 700, no delinquencies or bankruptcies, low debt-to-income ratio, and verified income that is strong relative to the loan size. While revolving utilization is somewhat elevated and credit history is moderately short, the overall profile is more consistent with a fully paid loan than a charge-off.",1,0.6773066520690918
15,low,1,1,,"This borrower appears likely to fully repay based on the strong credit profile: high FICO score, top-tier A/A4 grade, no delinquencies or bankruptcies, low revolving utilization, and a moderate debt-to-income ratio. While income is modest and not verified, the overall risk indicators are very favorable for repayment.",1,0.6560823321342468
16,low,1,1,,"This borrower appears more likely to fully repay due to strong credit quality, including a FICO around 720, no recent delinquencies or inquiries, moderate utilization, and a manageable debt-to-income ratio. While the 60-month term, mid-grade C rating, and presence of public records add some risk, the overall profile is more consistent with a performing loan than a charge-off.",1,0.5074806809425354
17,low,1,0,,"This application shows elevated credit risk due to the high debt-to-income ratio, high revolving utilization, moderate C3 grade, and relatively modest income for the requested debt load. While the borrower has no recent delinquencies and a decent credit history, the overall profile leans more toward charge-off risk than full repayment.",0,0.36878013610839844
18,low,1,1,,"This borrower shows generally solid credit quality with a mid-to-high 680s FICO, no recent delinquencies, no bankruptcies, no recent inquiries, and a long credit history, which supports repayment. While revolving utilization is high and debt-to-income is somewhat elevated, the B-grade pricing and otherwise clean credit profile suggest a higher likelihood of full repayment than charge-off.",1,0.5690789818763733
19,low,1,1,,"This borrower appears likely to fully repay based on the very strong credit profile: high FICO score, A-grade loan, no delinquencies or bankruptcies, low revolving utilization, and long, stable credit/employment history. While the debt-to-income ratio is somewhat elevated, the overall risk remains low given the strong underwriting signals.",1,0.7326093912124634
20,low,1,1,,"I predict Fully Paid because the borrower has strong credit quality with a solid FICO score, long credit history, no recent delinquencies, no bankruptcies, and no recent inquiries. Although the interest rate and D-grade indicate some risk, the verified income, long employment history, and moderate revolving utilization support repayment capacity.",0,0.4373668134212494
21,low,0,1,,"This application shows generally solid credit quality, with a mid-to-high FICO score, no recent delinquencies, no bankruptcies, no recent inquiries, and a reasonably long credit history. While the high revolving utilization, elevated DTI, and very short employment length add risk, the overall profile still leans toward full repayment rather than charge-off.",1,0.6848368048667908
22,low,1,1,,"I predict this loan will be Fully Paid because the borrower shows solid repayment capacity with high income relative to the loan, low debt-to-income ratio, long employment and credit history, and no recent delinquencies. While the mid-range FICO, C3 grade, and prior bankruptcy add risk, the overall profile appears more supportive of repayment than default.",1,0.6263533234596252
23,low,1,0,,"This application shows elevated default risk due to the low E3 grade, very high 22.4% interest rate, high 30.02% DTI, and 87.8% revolving utilization. Although the borrower has solid income, long employment, and no recent major public derogatories, the weaker credit profile and prior delinquency history point more toward charge-off than full repayment.",0,0.24288909137248993
24,low,1,1,,"This borrower appears more likely to fully repay due to a solid B-grade profile, mid-to-high 680s FICO, low debt-to-income ratio, long credit history, and no recent delinquencies or bankruptcies. While income verification is missing and there is a past delinquency on record, the overall credit and utilization profile looks relatively stable.",1,0.6532856225967407
25,low,1,1,,"Despite the high interest rate and E-grade risk tier, the borrower shows strong repayment capacity with high verified income, low DTI, strong FICO scores, long credit history, and no delinquencies or bankruptcies. Overall, the credit profile looks solid enough to support a fully paid outcome.",0,0.30565035343170166
26,low,1,1,,"Despite the higher-risk D grade and 60-month term, the borrower shows strong credit quality with a high FICO score, no delinquencies or bankruptcies, low revolving utilization, and no recent inquiries. Income appears adequate relative to the loan size and payment, which supports a prediction of full repayment.",0,0.2749938368797302
27,low,0,1,,"This borrower appears more likely to fully repay due to solid income, long credit history, stable employment, no recent delinquencies, no bankruptcies, and only one recent inquiry. While the C3 grade, mid-660s FICO, high revolving utilization, and one derogatory public record add risk, the overall profile supports repayment over charge-off.",1,0.5732681751251221
28,low,1,1,,"The borrower shows several strengths for repayment, including high income relative to the loan, a low debt-to-income ratio, long credit history, and no recent delinquencies or inquiries. While the high revolving utilization, mid-tier FICO score, and prior delinquency add risk, the overall profile still leans toward fully paid.",0,0.4321106970310211
29,low,1,1,,"Despite the high interest rate and elevated revolving utilization, the borrower has strong income, long employment and credit history, no bankruptcies or public records, and only limited recent credit-seeking behavior. The mid-680s FICO and manageable DTI suggest this borrower is more likely to fully repay than charge off.",0,0.43987175822257996
30,low,1,1,,"This borrower appears likely to fully repay given the strong A-grade loan, solid 725-729 FICO range, verified income, long employment history, and no delinquencies or bankruptcies. The debt profile looks manageable as well, with moderate revolving utilization and a relatively small loan amount over 36 months.",1,0.5652965903282166
31,low,1,1,,"This borrower appears low risk given the strong A-grade loan, high FICO score, long credit history, stable 10+ year employment, low debt-to-income ratio, and no delinquencies or bankruptcies. The moderate revolving utilization and solid income further support a likely fully paid outcome.",1,0.7692814469337463
32,low,0,0,,"This application shows elevated default risk due to the high interest rate, weak E2 grade, 60-month term, and a recent delinquency with 30+ day late payment history. While income, long employment, and credit history are positives, the overall risk profile points more toward charge-off than full repayment.",0,0.3021709620952606
33,low,1,1,,"This borrower appears likely to fully repay due to the strong credit profile: grade A/A4, FICO around 710+, long credit history, no recent delinquencies or bankruptcies, and no recent inquiries. The loan amount is modest relative to income, and the borrower shows manageable revolving utilization and stable long-term employment.",1,0.6549701690673828
34,low,0,1,,"This borrower shows solid credit quality with a good FICO score, no delinquencies or bankruptcies, and a reasonably long credit history, which supports repayment. Although income is modest and the debt-to-income ratio is somewhat elevated, the small loan amount and otherwise clean credit profile suggest a higher likelihood of full repayment.",0,0.36660370230674744
35,low,1,1,,"The borrower shows several strong credit indicators, including a high FICO score, no delinquencies or bankruptcies, low revolving utilization, and a manageable loan size. While the interest rate and grade suggest some risk, the overall profile supports a higher likelihood of full repayment.",0,0.44167304039001465
36,low,1,1,,"This borrower appears more likely to fully repay based on a solid B2 grade, good FICO score around 710-714, low debt-to-income ratio, no recent delinquencies or inquiries, and a long credit history. While the prior bankruptcy/public record adds some risk, the overall profile is relatively strong for this loan size and payment level.",1,0.6217998266220093
37,low,1,1,,"This borrower shows generally strong repayment capacity with very high verified income, a solid B-grade/FICO around 700, long credit history, and no delinquencies or bankruptcies on record. Although revolving utilization is high and employment length is limited, the overall profile still leans toward full repayment rather than charge-off.",1,0.6128955483436584
38,low,1,1,,"The borrower shows generally solid credit quality with a near-prime FICO, no delinquencies, no bankruptcies, a moderate debt-to-income ratio, and a long credit history. While income is modest and revolving utilization is somewhat high, the overall profile supports a higher likelihood of full repayment than charge-off.",1,0.5232486128807068
39,low,1,1,,"Despite the below-prime grade and elevated revolving utilization, the borrower shows several stabilizing factors: long credit history, no recent delinquencies, no bankruptcies or public records, low recent inquiry activity, and long employment tenure. The moderate DTI and manageable loan size relative to income suggest a somewhat better chance of full repayment than default.",0,0.37844014167785645
40,low,1,1,,"This borrower appears likely to fully repay based on a strong FICO score, verified solid income, long and clean credit history, and no recent delinquencies or bankruptcies. The debt profile looks manageable with moderate DTI and low revolving utilization, which offsets the slightly higher risk of a 60-month term.",1,0.6481168866157532
41,low,1,1,,"This borrower appears more likely to fully repay due to a solid B-grade profile, verified $86,000 income, long employment and credit history, no recent delinquencies or inquiries, and no bankruptcies/public records. While the DTI of 28.51% and prior delinquency history add some risk, the overall credit profile looks more consistent with a performing loan than a charge-off.",1,0.5870018601417542
42,low,1,1,,"The applicant shows solid repayment capacity with high income relative to the loan amount, a moderate DTI, and no delinquencies, bankruptcies, or public derogatory records. While the mid-range FICO, shorter credit history, and higher revolving utilization add some risk, the overall profile leans toward fully paid rather than charged off.",1,0.480243980884552
43,low,0,0,,"I predict Charged Off because the application shows several meaningful risk flags: very high revolving utilization, a prior bankruptcy/public record, fair FICO scores, low income relative to the loan size, and short employment history. While the B grade and absence of recent delinquencies are positives, the overall credit profile suggests elevated default risk.",1,0.6119813919067383
44,low,1,1,,"This borrower shows solid credit quality with a low-risk B1 grade, FICO around 707, long credit history, verified income, and no recent delinquencies or bankruptcies. While the debt-to-income ratio is somewhat elevated, the overall profile suggests a higher likelihood of full repayment than charge-off.",1,0.6824694275856018
45,low,1,1,,"This borrower appears more likely to fully repay given the solid FICO score, low loan amount, moderate debt-to-income ratio, and clean recent credit behavior with no recent delinquencies or bankruptcies. While income is modest and there is a past delinquency on record, the overall credit profile and B1 grade suggest lower default risk.",1,0.7373353242874146
46,low,1,1,,"This borrower appears likely to fully repay given the solid B-grade profile, verified $75,000 income, moderate debt-to-income ratio, and clean recent credit behavior with no delinquencies or bankruptcies. The loan amount is relatively small, FICO around 700 is favorable, and credit utilization is manageable rather than extreme.",1,0.6925277709960938
47,low,1,1,,"This borrower shows generally solid repayment capacity, with decent income, a moderate debt-to-income ratio, no recent delinquencies, no bankruptcies, and a fair-to-good FICO range around 695-699. While the 60-month term, C-grade pricing, and somewhat elevated revolving utilization add some risk, the overall credit profile looks more consistent with full repayment than charge-off.",1,0.5025073289871216
48,low,1,1,,"This borrower shows generally solid repayment capacity with high income relative to the loan size, moderate DTI, long employment and credit history, and no bankruptcies or public records. While the recent delinquency and one recent 30+ day late payment add some risk, the overall profile and mid-to-good FICO range suggest a higher likelihood of full repayment than charge-off.",1,0.7308744192123413
49,low,1,1,,"This borrower appears more likely to fully repay based on a solid FICO score around 700, no delinquencies or bankruptcies, stable income, and a long credit history. The loan amount is moderate relative to income, and while the DTI is somewhat elevated, the overall credit profile looks stronger than typical default cases.",1,0.6138487458229065
50,low,1,0,,"This application shows elevated credit risk due to the D-grade loan, fair FICO score, high revolving utilization, and a prior delinquency history. While the loan amount is small and debt-to-income is reasonable, the overall profile leans more toward charge-off than full repayment.",1,0.6655076742172241
51,low,1,0,,"This application shows elevated credit risk due to the D-grade loan, mid-600s FICO score, high revolving utilization, prior delinquency history, and unverified income. While the borrower has a manageable DTI and no recent major derogatories, the overall profile leans more toward charge-off than full repayment.",1,0.54145747423172
52,low,1,0,,"This application shows elevated default risk due to the below-prime D1 grade, high 17.77% interest rate, high revolving utilization of 79.1%, and a recent delinquency history. While income and long credit history are positives, the mid-660s FICO, rental status, and zero reported employment length suggest a higher likelihood of charge-off than full repayment.",0,0.33674854040145874
53,low,1,1,,"This borrower appears more likely to fully repay due to strong income, low debt-to-income ratio, solid FICO score around 700, long credit history, and no delinquencies or bankruptcies. While the grade is mid-tier and utilization is moderate, the overall credit profile and capacity to pay look favorable.",1,0.6385228633880615
54,low,1,1,,"Despite the higher-risk D4 grade and elevated interest rate, the borrower shows several strong repayment indicators: low debt-to-income ratio, solid verified income, no recent delinquencies or bankruptcies, and a long credit history. The mid-to-upper 680s FICO score and clean recent credit behavior suggest a higher likelihood of full repayment than charge-off.",0,0.3783048987388611
55,low,1,0,,"The loan shows several elevated risk factors, including a high interest rate, low E-grade assignment, very high revolving utilization, and a prior public-record bankruptcy. Although the borrower has stable income, long credit history, and no recent delinquencies, the overall profile leans toward higher default risk.",0,0.30845627188682556
56,low,1,1,,"The borrower shows strong credit quality with a high FICO score, long credit history, no delinquencies or bankruptcies, and low revolving utilization. Although the DTI is somewhat elevated and income is modest, the overall profile supports a higher likelihood of full repayment.",1,0.5167348980903625
57,low,1,1,,"The borrower shows several positive repayment signals, including no delinquencies or bankruptcies, a moderate debt-to-income ratio, stable income, and over 10 years of credit history. While the C4 grade, high revolving utilization, and fair FICO score add risk, the overall profile looks more consistent with a fully paid outcome than a charge-off.",1,0.5292184352874756
58,low,1,1,,"This borrower appears very likely to fully repay due to excellent credit quality: high FICO score, top-grade A2 pricing, very low debt-to-income ratio, strong verified income, long employment and credit history, and no delinquencies or bankruptcies. The loan amount is modest relative to income, and overall credit usage is reasonable, which further supports a low default risk.",1,0.9197893142700195
59,low,0,0,,"This application shows elevated default risk due to the high interest rate, long 60-month term, lower-grade E4 classification, and only moderate income relative to the requested loan amount. While the borrower has decent credit history length and no recent delinquencies, the prior delinquency record and overall risk profile point more toward charge-off than full repayment.",0,0.2724246680736542
60,low,1,0,,"This loan shows elevated default risk due to the very high interest rate, low grade (F5), and high revolving utilization of 86.2%, which suggest meaningful existing credit stress. While income, credit history length, and recent delinquency counts are reasonably solid, the overall risk profile points more toward charge-off than full repayment.",0,0.25318995118141174
61,low,0,1,,"This borrower appears more likely to fully repay based on a solid mid-to-high FICO score, no recent delinquencies, no bankruptcies, no recent inquiries, and a reasonably long credit history. While revolving utilization is somewhat elevated and income is modest relative to debt load, the overall credit profile and grade suggest manageable risk.",1,0.6424853801727295
62,low,1,1,,"This borrower shows generally solid credit quality with a mid-to-upper 680s FICO, long credit history, no recent delinquencies, no bankruptcies, and stable housing and employment indicators. While the prior delinquency history, moderate DTI, and B5 grade add some risk, the overall profile looks more consistent with full repayment than charge-off.",0,0.45958951115608215
63,low,1,0,,"The borrower shows meaningful credit risk due to a fair FICO score, grade C3 pricing, 4 recent delinquencies in the last 2 years, and a delinquency as recent as 2 months ago. While income, credit history length, and utilization are reasonable, the recent and repeated late-payment behavior points more toward charge-off risk than full repayment.",0,0.3743076026439667
64,low,1,1,,"This borrower shows generally strong repayment capacity with high income, solid B-grade/FICO around 700, long credit history, and no recent delinquencies, bankruptcies, or inquiries. While revolving utilization and DTI are somewhat elevated and employment length is short, the overall profile still looks more consistent with a fully paid loan than a charge-off.",1,0.7150377035140991
65,low,1,1,,"This borrower shows several positive repayment indicators: solid income relative to the loan size, moderate debt-to-income and revolving utilization, long credit history, and no recent delinquencies or inquiries. While the prior bankruptcy/public record and past delinquency add some risk, the overall profile appears more consistent with a fully paid loan than a charge-off.",1,0.6367712616920471
66,low,1,1,,"This borrower shows generally moderate-to-good credit quality with a B2 grade, FICO around 700, long credit history, no bankruptcies or public records, and no recent inquiries. While the debt-to-income ratio is somewhat elevated and there is a recent delinquency history, the overall profile still leans toward full repayment rather than charge-off.",1,0.5450441837310791
67,low,1,1,,"This borrower appears low risk based on the strong A-grade loan, solid FICO score, low debt-to-income ratio, low revolving utilization, and clean credit history with no delinquencies or bankruptcies. The loan amount is modest relative to income, which further supports a likely fully paid outcome.",1,0.714224100112915
68,low,1,0,,"This application shows elevated credit risk due to the low annual income relative to debt burden, high interest rate, and weaker C5 grade, along with a past delinquency on record. While the FICO score and recent delinquency history are not severe, the overall profile leans more toward charge-off than full repayment.",0,0.36110132932662964
69,low,0,0,,"This application shows elevated default risk due to the very high interest rate, long 60-month term, low income relative to the loan, and a high debt-to-income ratio. Although the borrower has long employment history, decent credit age, and no recent delinquencies, the grade E5 and prior bankruptcy/public record are strong negative signals.",0,0.21348382532596588
70,low,1,1,,"This borrower appears more likely to fully repay due to a solid FICO score around 700, low debt-to-income ratio, verified $75,000 income, and no recent delinquencies or bankruptcies. The moderate loan size, 36-month term, and decent credit history also support lower default risk despite a past delinquency and relatively short employment length.",1,0.7111693620681763
71,low,1,0,,"This application shows elevated credit risk due to the E4 grade, very high 21.98% interest rate, high revolving utilization of 82.8%, and only fair FICO scores around 665-669. While income, mortgage status, and long credit history are positives, the overall profile leans more toward default than full repayment.",0,0.344816118478775
72,low,1,1,,"Despite the high interest rate and prior public-record bankruptcy, the borrower shows strong repayment indicators: high FICO (725-729), low DTI, low revolving utilization, no recent delinquencies, and long employment history. Overall, the current credit behavior and capacity to pay suggest this loan is more likely to be fully repaid than charged off.",0,0.3064294457435608
73,low,1,1,,"Despite the high-risk E3 grade and elevated interest rate, the borrower shows several strong compensating factors: solid income, moderate DTI, long credit history, no recent delinquencies or inquiries, and stable long-term employment. The clean recent payment history and mid-to-upper 680s FICO suggest a better likelihood of full repayment than default.",0,0.38818642497062683
74,low,0,0,,"This application shows elevated default risk due to the long 60-month term, high 18.49% interest rate, D-grade pricing, high debt-to-income ratio, and very high revolving utilization of 80.6%. While the borrower has decent credit history length, verified income, and no recent delinquencies, the overall risk profile leans more toward charge-off than full repayment.",0,0.25177648663520813
75,low,1,1,,"This borrower appears more likely to fully repay based on a solid B1 grade, mid-to-high 680s FICO, no recent delinquencies or bankruptcies, and a long employment and credit history. While revolving utilization is somewhat elevated and income is not verified, the moderate loan size, manageable DTI, and clean recent credit behavior support a Fully Paid prediction.",1,0.606524646282196
76,low,1,1,,"This borrower appears more likely to fully repay based on solid income, low debt-to-income ratio, mid-to-high FICO scores, and no recent delinquencies or bankruptcies. While there is a past delinquency history and the income is not verified, the overall credit profile is relatively strong for a B2-grade loan.",1,0.6245204210281372
77,low,1,1,,"This borrower shows a moderate but acceptable risk profile: verified income of $60,000, no recent delinquencies, no bankruptcies, no recent inquiries, and manageable revolving utilization support repayment. While the mid-660s FICO, prior delinquency history, and grade C loan add some risk, the overall credit behavior and 36-month structure suggest a higher likelihood of full repayment than charge-off.",0,0.4010685086250305
78,low,0,1,,"This borrower appears more likely to fully repay due to a solid mid-to-high FICO score, moderate debt-to-income ratio, low revolving utilization, and no recent delinquencies, bankruptcies, or public records. While the short employment history and prior delinquency record add some risk, the overall credit profile and manageable loan size support a Fully Paid prediction.",1,0.5645619630813599
79,low,1,1,,"The borrower shows strong repayment capacity with very high verified income, extremely low debt-to-income ratio, long credit history, and solid FICO scores around 700. Although the recent delinquencies add some risk, the overall profile appears strong enough to support a Fully Paid outcome.",1,0.6033536195755005
80,low,1,0,,"I predict Charged Off because the loan has several elevated risk signals: a high-risk E1 grade, very high 20.49% interest rate, 60-month term, and a recent delinquency just 8 months ago. Although the borrower has decent FICO scores and long credit history, the combination of recent payment issues and relatively stretched debt burden makes default more likely.",0,0.28737205266952515
81,low,1,1,,"This borrower appears more likely to fully repay given the solid income, low debt-to-income ratio, long employment and credit history, and no recent delinquencies or inquiries. While the prior bankruptcy/public record and mid-range FICO add some risk, the overall profile looks relatively stable for a grade B loan.",1,0.6382342576980591
82,low,1,1,,"This borrower appears low risk due to solid FICO scores, very low debt-to-income ratio, long credit history, no recent delinquencies or bankruptcies, and stable long-term employment. The moderate loan amount and reasonable revolving utilization further support a likely fully paid outcome.",1,0.6508216261863708
83,low,1,1,,"This borrower shows a generally moderate-to-strong repayment profile: solid income relative to the loan amount, manageable DTI, long credit history, and no recent delinquencies, bankruptcies, or public records. While the C5 grade, mid-660s FICO, and prior delinquency history add some risk, the overall balance of factors leans toward full repayment.",1,0.5518842339515686
84,low,1,1,,"Despite the D-grade loan and higher interest rate, the borrower shows strong repayment indicators: high FICO (745-749), low DTI, very low revolving utilization, long credit history, and no recent delinquencies. Stable income, verified employment, and 10+ years of employment further support a likely fully paid outcome.",0,0.3938773572444916
85,low,1,0,,"This loan shows elevated default risk due to the borrower's high debt-to-income ratio, low income, recent and frequent delinquencies, and only fair FICO score. While the loan amount is modest and there are no bankruptcies, the credit behavior and repayment capacity indicators point more toward charge-off than full repayment.",0,0.4712337255477905
86,low,1,1,,"The borrower shows several positive repayment indicators: high income relative to the loan amount, moderate debt-to-income ratio, long credit history, and no recent delinquencies, bankruptcies, or inquiries. While revolving utilization is high and the FICO score is only fair, the overall profile still leans toward fully repaying the loan.",1,0.7330682873725891
87,low,1,1,,"The borrower appears likely to fully repay given the very strong FICO score, clean credit history with no delinquencies or bankruptcies, moderate debt-to-income ratio, and reasonable revolving utilization. While the 60-month term and short employment length add some risk, the overall credit profile is solid and supports a Fully Paid prediction.",1,0.693787693977356
88,low,1,1,,"This borrower shows strong credit quality with an A-grade loan, solid FICO around 715-719, long credit history, and no delinquencies, bankruptcies, or recent inquiries. While the debt-to-income ratio and revolving utilization are somewhat elevated, the overall profile still supports a higher likelihood of full repayment.",1,0.6204677224159241
89,low,0,1,,"The borrower shows several positive credit signals: strong income relative to the loan size, low-to-moderate DTI, long credit history, no recent delinquencies, no bankruptcies, and no recent inquiries. While revolving utilization is somewhat high and employment length is short, the overall profile and mid-B grade suggest a higher likelihood of full repayment than charge-off.",1,0.5726836919784546
90,low,0,0,,"This loan shows elevated default risk due to the 60-month term, relatively high 17.27% interest rate, C5 grade, mid-600s FICO, and a prior delinquency history. While income and credit history length are solid, the overall risk profile leans more toward charge-off than full repayment.",0,0.37331029772758484
91,low,1,1,,"This borrower shows strong repayment indicators: high income, low debt-to-income ratio, long and established credit history, solid FICO score, no recent delinquencies, and top-tier grade A pricing. Although revolving utilization is somewhat high and there is an older delinquency on record, the overall profile is consistent with a likely fully paid loan.",1,0.8588150143623352
92,low,0,1,,"This borrower appears more likely to fully repay based on a solid near-prime FICO score, no delinquencies, no bankruptcies, no recent inquiries, and verified income. While revolving utilization is high and employment length is very short, the moderate loan size, 36-month term, and otherwise clean credit profile support a Fully Paid prediction.",1,0.5854681134223938
93,low,1,0,,"Although the borrower has solid income, home ownership, and a long credit history, the application shows several meaningful risk factors: a mid-range FICO, high debt-to-income ratio, high revolving utilization, and a recent delinquency. Combined with the C-grade debt consolidation profile, these factors point to a higher likelihood of charge-off than full repayment.",1,0.48660245537757874
94,low,1,1,,"This borrower shows solid credit quality with a low-risk profile: good FICO (705-709), long credit history, no delinquencies or bankruptcies, and no recent inquiries. While revolving utilization and DTI are somewhat elevated, the moderate loan amount, strong B1 grade, and stable income suggest a higher likelihood of full repayment.",1,0.6739488840103149
95,low,1,0,,"This application shows elevated default risk due to the relatively low mid-600s FICO range, high interest rate, high debt-to-income ratio, and very high revolving utilization of 93.4%. While the borrower has a long credit history, verified income, and no recent delinquencies or bankruptcies, the overall profile still leans toward charge-off risk.",0,0.3757922649383545
96,low,1,1,,"This borrower shows very strong credit quality with an exceptional FICO score, low debt-to-income ratio, high income, no delinquencies or bankruptcies, and a long credit history. The low interest rate and top-grade A3 loan assignment further support a high likelihood of full repayment.",1,0.8878500461578369
97,low,1,1,,"This borrower appears very likely to fully repay based on their excellent credit profile: high FICO score, top-grade A1 loan, long credit history, no delinquencies or bankruptcies, and low revolving utilization. Strong income relative to the loan size and a low interest rate further support low default risk, despite a moderately elevated debt-to-income ratio.",1,0.8166887760162354
98,low,0,0,,"This application shows several meaningful risk factors, including a high 19.22% rate, lower-grade D4 pricing, recent delinquency history, high revolving utilization, and a prior derogatory public record. While income and credit history length are solid, the overall profile leans toward elevated default risk rather than full repayment.",0,0.30962780117988586
99,low,1,0,,"This application shows elevated default risk due to the high 60-month interest-bearing loan, high debt-to-income ratio, renter status, modest income relative to the loan size, and only 1 year of employment history. Although the FICO score is near 700 and recent delinquency activity is limited, the overall profile aligns more with a charged-off outcome than full repayment.",0,0.3889317810535431
0,medium,1,1,,"The borrower shows generally solid credit quality with a near-700 FICO, no recent delinquencies, no bankruptcies, stable long employment, and a long credit history. While revolving utilization is somewhat high, the moderate DTI and clean repayment history suggest a higher likelihood of full repayment than charge-off.",1,0.6231263279914856
1,medium,1,1,,"Despite a prior bankruptcy/public record and mid-range FICO, the borrower shows several strong repayment indicators: low debt-to-income ratio, verified income, long credit history, stable employment, and no recent delinquencies or credit inquiries. The modest loan size and 36-month term also support a lower default risk overall.",1,0.6668004989624023
2,medium,1,1,,"This borrower appears likely to fully repay given the strong income, very low debt-to-income ratio, solid B1 grade, near-700 FICO, and clean recent credit behavior with no recent inquiries, bankruptcies, or public derogatory records. While there is a past delinquency and moderately high revolving utilization, the overall profile remains relatively low risk.",1,0.8110950589179993
3,medium,1,1,,"This borrower appears low risk due to the strong A2 grade, high income, solid 730+ FICO, long credit history, and no recent delinquencies or bankruptcies. Moderate debt-to-income and revolving utilization further support a likely fully paid outcome.",1,0.8738787770271301
4,medium,1,1,,"The borrower shows generally solid repayment capacity with a verified $93,000 income, long credit history, mid-700 FICO range, and no recent delinquencies, inquiries, or bankruptcies. Although the very high revolving utilization is a meaningful risk factor, the overall profile still leans toward full repayment.",1,0.7447378635406494
5,medium,1,1,,"This borrower appears more likely to fully repay given the solid near-prime FICO score, verified $65,000 income, moderate debt-to-income ratio, and clean credit history with no delinquencies or bankruptcies. The loan amount is relatively small and revolving utilization is reasonable, which supports repayment capacity despite some recent account openings and inquiries.",1,0.6380402445793152
6,medium,1,1,,"This borrower appears very likely to fully repay due to an excellent FICO score, top-tier A1 grade, low interest rate, no delinquencies or bankruptcies, and low revolving utilization. The long credit history, limited recent credit seeking, and verified income further support a low default risk despite a moderate debt-to-income ratio.",1,0.9028882384300232
7,medium,1,0,,"I predict this loan is more likely to charge off because the borrower carries several meaningful risk signals: a prior public-record bankruptcy, a derogatory public record, high revolving utilization, and a 60-month C4 loan at a relatively high interest rate. While the long credit history, low reported DTI, and clean recent delinquency record are positives, they are outweighed by the elevated credit-risk profile.",0,0.4120224118232727
8,medium,1,1,,"Despite the relatively high interest rate, 60-month term, and elevated revolving utilization/DTI, the borrower has several strong compensating factors: near-700 FICO, long credit history, no delinquencies or bankruptcies, no recent inquiries, and long employment tenure. Overall, this profile looks more likely to fully repay than charge off.",0,0.22810080647468567
9,medium,1,1,,"The borrower shows generally strong credit quality with a good FICO score, long credit history, stable income relative to the small loan amount, and no recent delinquencies or bankruptcies. Although revolving utilization is somewhat high and there is an older delinquency on record, the overall profile is more consistent with full repayment than charge-off.",1,0.7869284749031067
10,medium,1,1,,"The borrower shows solid repayment indicators: a good FICO score range, long credit history, low-to-moderate DTI, no recent delinquencies, and no bankruptcies or public records. While the C-grade loan and high revolving utilization add some risk, the overall profile leans more toward full repayment than charge-off.",1,0.6974790096282959
11,medium,1,1,,"The borrower shows generally solid repayment capacity with verified $88k income, a moderate DTI, long credit history, and no recent delinquencies, bankruptcies, or public derogatory records. Although revolving utilization is very high, the overall profile and mid-to-good FICO range suggest a higher likelihood of full repayment than charge-off.",1,0.7528872489929199
12,medium,1,0,,"This application shows several meaningful risk factors, including a fair FICO range (665-669), high revolving utilization, a relatively elevated DTI, and two recent delinquencies with the most recent only 11 months ago. While the borrower has decent income, home ownership, and a long credit history, the recent payment issues and overall mid-grade risk profile point more toward charge-off than full repayment.",1,0.5680384635925293
13,medium,1,1,,"This borrower shows very strong credit quality: excellent FICO, top-tier A1 grade, long credit history, no delinquencies or bankruptcies, and low revolving utilization. The loan amount is modest relative to income and the debt-to-income ratio is manageable, which supports a high likelihood of full repayment.",1,0.8363387584686279
14,medium,0,1,,"This borrower appears more likely to fully repay given the solid FICO score around 700, low debt-to-income ratio, verified income, and clean recent credit history with no delinquencies or bankruptcies. While revolving utilization is somewhat high and credit history is relatively short, the overall risk profile is still consistent with a likely Fully Paid outcome.",1,0.6773066520690918
15,medium,1,1,,"This borrower shows a strong credit profile with a high FICO score, grade A loan, low revolving utilization, manageable debt-to-income ratio, and no delinquencies or bankruptcies. Despite modest income and unverified status, the overall risk indicators point to a high likelihood of full repayment.",1,0.6560823321342468
16,medium,1,1,,"Despite the mid-risk C1 grade and 60-month term, the borrower shows a strong repayment profile with a 720+ FICO score, no recent delinquencies or inquiries, moderate DTI, and reasonable revolving utilization. Stable housing, verified income, and over 10 years of credit history further support a fully paid outcome.",1,0.5074806809425354
17,medium,1,0,,"The application shows meaningful credit risk: a mid-tier C3 grade, fair FICO, high debt-to-income ratio, and very high revolving utilization suggest a stretched borrower profile despite the modest loan size. While the clean delinquency/public record history is a positive, the overall balance of risk factors points more toward charge-off than full repayment.",0,0.36878013610839844
18,medium,1,1,,"I predict this loan will be fully paid because the borrower has a solid mid-to-high 680s FICO score, a long credit history, and no recent delinquencies, bankruptcies, or credit inquiries. While revolving utilization is high and income is moderate relative to the loan, the overall credit profile and B-grade risk level support repayment.",1,0.5690789818763733
19,medium,1,1,,"This borrower appears low risk due to excellent credit quality: very high FICO scores, grade A pricing, no delinquencies or bankruptcies, long employment and credit history, and low revolving utilization. While the debt-to-income ratio is somewhat elevated, the overall profile strongly supports a Fully Paid outcome.",1,0.7326093912124634
20,medium,1,1,,"Despite the relatively high interest rate and D-grade pricing, the borrower shows strong repayment indicators: solid FICO (720-724), long credit history, no recent delinquencies, no bankruptcies, and no recent inquiries. Moderate revolving utilization and stable long-term employment also support a higher likelihood of full repayment.",0,0.4373668134212494
21,medium,0,1,,"The borrower shows generally solid credit quality with a near-700 FICO score, no recent delinquencies, no bankruptcies, no recent inquiries, and verified income sufficient for the loan size. While the high revolving utilization and elevated DTI add some risk, the overall profile is more consistent with a fully paid outcome than a charge-off.",1,0.6848368048667908
22,medium,1,1,,"Despite a mid-tier C3 grade and a past bankruptcy/public record, the borrower shows strong repayment capacity with high income relative to the loan, low DTI, long employment and credit history, and no recent delinquencies. The clean recent credit behavior and manageable loan size support a Fully Paid prediction.",1,0.6263533234596252
23,medium,1,0,,"This loan appears higher risk due to the 60-month term, very high 22.4% interest rate, E3 grade, high debt-to-income ratio, and elevated revolving utilization of 87.8%. Although the borrower has solid income and long employment history, the fair FICO range and prior delinquency history suggest a greater likelihood of charge-off than full repayment.",0,0.24288909137248993
24,medium,1,1,,"The borrower shows generally solid credit quality: a mid-to-high 680s FICO, very low DTI, long credit history, no recent delinquencies, and no bankruptcies or public records. While income is modest and there is an older delinquency on file, the overall profile and B-grade pricing suggest a higher likelihood of full repayment than charge-off.",1,0.6532856225967407
25,medium,1,1,,"Despite the high interest rate and weaker assigned grade, the borrower shows strong repayment capacity with high verified income, low DTI, solid FICO scores, long credit history, and no recent delinquencies or bankruptcies. These positive credit fundamentals suggest a higher likelihood of full repayment than charge-off.",0,0.30565035343170166
26,medium,1,1,,"The borrower shows strong credit quality with a high FICO score, no recent delinquencies, no bankruptcies, low revolving utilization, and no recent inquiries, all of which support repayment. While the 60-month term, D-grade pricing, and moderate debt-to-income ratio add some risk, the overall profile appears more consistent with a fully paid loan than a charge-off.",0,0.2749938368797302
27,medium,0,1,,"Despite a mid-grade C3 rating and high revolving utilization, the borrower shows several strong repayment signals: solid income relative to the small loan amount, moderate DTI, long credit history, stable employment, and no recent delinquencies or bankruptcies. Overall, the profile looks more consistent with a fully paid loan than a charge-off.",1,0.5732681751251221
28,medium,1,1,,"Despite a mid-tier C3 grade and very high revolving utilization, the borrower shows several positive repayment indicators: strong income relative to the loan, low DTI, long credit history, and no recent delinquencies, inquiries, or bankruptcies. Overall, the solid cash flow and stable credit profile outweigh the moderate risk signals.",0,0.4321106970310211
29,medium,1,1,,"Despite the weaker D5 grade, high revolving utilization, and a prior delinquency, the borrower has strong verified income, a moderate debt-to-income ratio, long employment tenure, and a lengthy credit history with no bankruptcies or public records. These factors suggest enough repayment capacity to lean toward Fully Paid rather than Charged Off.",0,0.43987175822257996
30,medium,1,1,,"This borrower appears likely to fully repay based on strong credit quality indicators, including an A-grade loan, FICO in the mid-720s, no delinquencies or bankruptcies, and moderate revolving utilization. Although income is modest, the loan size is relatively small and the payment burden looks manageable given the clean credit history and long employment record.",1,0.5652965903282166
31,medium,1,1,,"This borrower appears low risk based on the strong A-grade loan, high FICO score, low debt-to-income ratio, long credit history, and no delinquencies or bankruptcies. The relatively modest loan amount and payment versus income also support a likely full repayment outcome.",1,0.7692814469337463
32,medium,0,0,,"I predict Charged Off because this loan carries several elevated risk signals: a high 21% interest rate, low E2 grade, 60-month term, and a recent delinquency with delinquency history on file. While income, employment length, and DTI are relatively solid, the credit-risk indicators outweigh those strengths.",0,0.3021709620952606
33,medium,1,1,,"This borrower appears low risk due to the A-grade loan, solid 710+ FICO, long credit history, no delinquencies or bankruptcies, and no recent inquiries. The loan amount is modest and the debt profile looks manageable despite moderate income and DTI, so full repayment is more likely than charge-off.",1,0.6549701690673828
34,medium,0,1,,"The borrower shows solid credit quality with a 710-714 FICO score, no delinquencies, no bankruptcies, and a reasonably long credit history, which supports repayment. Although income is modest and the debt-to-income ratio is somewhat high, the small loan size and moderate revolving utilization suggest the loan is more likely to be fully paid than charged off.",0,0.36660370230674744
35,medium,1,1,,"I predict this loan will be Fully Paid because the borrower has a strong FICO score, no delinquencies or bankruptcies, and relatively low revolving utilization. Although the interest rate and grade indicate elevated risk, the clean credit history and manageable debt profile outweigh those concerns.",0,0.44167304039001465
36,medium,1,1,,"The borrower shows strong repayment indicators, including a solid FICO score, very low debt-to-income ratio, long credit history, and no recent delinquencies or credit inquiries. Although the past public record bankruptcy is a risk factor, the overall profile suggests a higher likelihood of full repayment than charge-off.",1,0.6217998266220093
37,medium,1,1,,"The borrower shows several strong credit characteristics, including high verified income, a solid FICO around 700, long credit history, and no recent delinquencies or bankruptcies. While revolving utilization is very high and employment length is short, the overall profile still appears more consistent with a Fully Paid outcome than a charge-off.",1,0.6128955483436584
38,medium,1,1,,"This borrower looks more likely to fully repay due to a near-prime FICO score, low debt-to-income ratio, long credit history, and no recent delinquencies, bankruptcies, or hard inquiries. While income is modest and revolving utilization is somewhat high, the overall credit profile is solid for a B3-grade loan.",1,0.5232486128807068
39,medium,1,1,,"Despite the higher-risk D1 grade and elevated interest rate, the borrower shows several stabilizing factors: a long credit history, no bankruptcies or public records, no recent delinquencies, low recent inquiry activity, and long employment tenure. The FICO score is fair and revolving utilization is somewhat high, but overall the profile looks more consistent with full repayment than charge-off.",0,0.37844014167785645
40,medium,1,1,,"The borrower shows strong credit quality with a high FICO score, no delinquencies or bankruptcies, moderate debt-to-income, and low revolving utilization. Although the 60-month term and 'other' loan purpose add some risk, the overall profile supports a likely fully paid outcome.",1,0.6481168866157532
41,medium,1,1,,"I predict Fully Paid because the borrower has a long and established credit history, verified $86k income, stable employment, no recent delinquencies or inquiries, and no bankruptcies or public records. While the DTI and revolving utilization are somewhat elevated and there is an older delinquency on file, the overall profile looks more consistent with repayment than charge-off.",1,0.5870018601417542
42,medium,1,1,,"I predict this loan will be Fully Paid because the borrower has strong income relative to the loan size and payment, a moderate DTI, and a clean recent credit history with no delinquencies or bankruptcies. While the C3 grade, fair FICO, high revolving utilization, and short credit history add some risk, the overall profile still leans toward repayment.",1,0.480243980884552
43,medium,0,0,,"I predict Charged Off because the application shows several meaningful risk factors: very high revolving utilization (92.7%), a prior public-record bankruptcy/derogatory record, low income relative to the loan size, and only short employment tenure. While the FICO score and recent delinquency history are not terrible, the overall profile points to elevated default risk.",1,0.6119813919067383
44,medium,1,1,,"This borrower shows solid credit quality with a 705-709 FICO range, no delinquencies or bankruptcies, long credit history, and stable long-term employment. Although the debt-to-income ratio and revolving utilization are moderate, the overall profile and B1 grade suggest a higher likelihood of full repayment than charge-off.",1,0.6824694275856018
45,medium,1,1,,"This borrower appears more likely to fully repay due to a solid FICO score around 710, low loan amount, manageable monthly payment relative to income, and no recent delinquencies, bankruptcies, or public records. While income is modest and there is an older delinquency on record, the overall credit profile and moderate debt burden support a Fully Paid prediction.",1,0.7373353242874146
46,medium,1,1,,"This applicant appears relatively low risk due to a solid FICO around 700, no recent delinquencies or bankruptcies, verified $75,000 income, and a moderate debt-to-income ratio. The small loan size, reasonable interest rate, and established credit profile with multiple open accounts also support a likely fully paid outcome.",1,0.6925277709960938
47,medium,1,1,,"The borrower shows generally solid repayment capacity with a decent near-prime FICO score, low debt-to-income ratio, stable mortgage-backed home ownership, and a long clean credit history with no recent delinquencies, bankruptcies, or inquiries. While the C2 grade, 60-month term, and moderately high revolving utilization add some risk, the overall profile looks more consistent with full repayment than charge-off.",1,0.5025073289871216
48,medium,1,1,,"The applicant shows generally solid repayment capacity with high income, a relatively low debt-to-income ratio, long employment and credit history, and no bankruptcies or public derogatory records. While a recent delinquency and moderate revolving utilization add some risk, the overall profile is more consistent with a fully paid loan than a charge-off.",1,0.7308744192123413
49,medium,1,1,,"The applicant shows solid credit quality with a 700-704 FICO range, no recent delinquencies or bankruptcies, and a relatively long credit history. While the debt-to-income ratio and revolving utilization are somewhat elevated, the moderate loan size, stable income, and B-grade profile suggest a higher likelihood of full repayment than charge-off.",1,0.6138487458229065
50,medium,1,1,,"Despite the below-prime D1 grade and high revolving utilization, the borrower shows several stabilizing factors: modest loan size relative to income, manageable DTI, long credit history, and no recent delinquencies, inquiries, or bankruptcies. Overall, this profile looks more consistent with a loan that is fully repaid than charged off.",1,0.6655076742172241
51,medium,1,0,,"This application shows elevated default risk due to the D-grade pricing, mid-660s FICO range, high revolving utilization, prior delinquency history, and unverified income. While the borrower has a manageable DTI and no recent major derogatories, the overall risk profile leans more toward charge-off than full repayment.",1,0.54145747423172
52,medium,1,0,,"This loan shows elevated default risk due to the D1 grade, high interest rate, very high revolving utilization, and a recent delinquency despite a long credit history. While income and DTI are reasonably strong, the weaker credit profile and short employment history tilt the prediction toward charged off.",0,0.33674854040145874
53,medium,1,1,,"This borrower appears likely to fully repay given the strong income, very low debt-to-income ratio, solid ~700 FICO score, long credit history, and no recent delinquencies or bankruptcies. While the grade is mid-tier and utilization is moderate, the overall credit profile looks stable and low risk.",1,0.6385228633880615
54,medium,1,1,,"Despite the higher-risk D4 grade and elevated interest rate, the borrower shows several strong repayment indicators: low DTI, solid verified income, long credit history, and no recent delinquencies, bankruptcies, or inquiries. The clean credit profile and manageable leverage outweigh the moderate FICO and high revolving utilization, suggesting this loan is more likely to be fully paid.",0,0.3783048987388611
55,medium,1,0,,"This loan shows elevated default risk due to the high 21.6% interest rate, E3 grade, high revolving utilization, and a prior public-record bankruptcy. Although income, employment length, and recent payment history are relatively stable, the overall credit profile looks more consistent with a charged-off outcome.",0,0.30845627188682556
56,medium,1,1,,"The borrower shows strong credit quality with a high FICO score, long credit history, no recent delinquencies, no bankruptcies, and low revolving utilization. Although the DTI is somewhat elevated and income is modest, the overall profile suggests a higher likelihood of full repayment than charge-off.",1,0.5167348980903625
57,medium,1,1,,"Despite the mid-grade C4 rating and very high revolving utilization, the borrower has a solid income, moderate DTI, over 10 years of credit history, and no delinquencies, bankruptcies, or public derogatory records. The clean repayment history and manageable 36-month loan size suggest a higher likelihood of full repayment than charge-off.",1,0.5292184352874756
58,medium,1,1,,"This borrower appears very likely to fully repay given the excellent credit profile: high FICO score, no delinquencies or bankruptcies, very low debt-to-income ratio, verified high income, and a long credit history. The A-grade pricing and moderate revolving utilization further support low default risk.",1,0.9197893142700195
59,medium,0,0,,"This application shows elevated default risk due to the high-risk E4 grade, very high 21.98% interest rate, 60-month term, and a moderate debt burden relative to income. While the borrower has solid employment history and no recent delinquencies, the prior delinquency and overall risk profile point more toward charge-off than full repayment.",0,0.2724246680736542
60,medium,1,0,,"This loan appears higher risk due to the very high interest rate, low LendingClub grade (F5), elevated revolving utilization, and a prior delinquency history. Although income and DTI are reasonable, the overall credit profile points more toward charge-off than full repayment.",0,0.25318995118141174
61,medium,0,1,,"The applicant shows generally solid credit quality with a mid-to-high 680s FICO, no recent delinquencies, no bankruptcies, no recent inquiries, and a fairly established credit history. While revolving utilization is somewhat high and income is not verified, the moderate DTI, mortgage homeownership, and overall clean payment profile suggest a higher likelihood of full repayment.",1,0.6424853801727295
62,medium,1,1,,"This borrower shows moderate-to-strong credit quality with a B-grade loan, near-prime FICO (685-689), long credit history, no recent delinquencies, and no bankruptcies or public records. While DTI and revolving utilization are somewhat elevated and there is an older delinquency on file, the overall profile still points more toward full repayment than charge-off.",0,0.45958951115608215
63,medium,1,0,,"The borrower has several strong risk indicators, especially 4 recent delinquencies in the last 2 years and a most recent delinquency just 2 months ago, alongside only fair FICO scores around 660. While income, long credit history, and moderate utilization are positives, the recent payment trouble makes a charge-off more likely.",0,0.3743076026439667
64,medium,1,1,,"The borrower shows generally strong credit quality with a solid FICO around 700, high income, long credit history, and no recent delinquencies, bankruptcies, or inquiries. While revolving utilization and DTI are somewhat elevated, the overall profile is more consistent with a fully paid loan than a charge-off.",1,0.7150377035140991
65,medium,1,1,,"The applicant shows generally solid repayment capacity with a moderate loan size, manageable debt-to-income ratio, long employment and credit history, and no recent delinquencies or inquiries. Although the prior bankruptcy/public record and past delinquency add risk, the overall profile still leans toward full repayment.",1,0.6367712616920471
66,medium,1,1,,"The borrower shows solid overall credit quality with a 700+ FICO score, long 20-year credit history, no bankruptcies or public records, and a moderate B2 grade. While the recent delinquency, unverified income, and somewhat elevated DTI add risk, the profile still leans more toward full repayment than charge-off.",1,0.5450441837310791
67,medium,1,1,,"This borrower appears low risk due to a strong A-grade loan, solid FICO score, low debt-to-income ratio, low revolving utilization, and no history of delinquencies or bankruptcies. The moderate loan amount relative to income and established credit history further support a likely fully paid outcome.",1,0.714224100112915
68,medium,1,1,,"Despite the mid-tier C5 grade and weaker factors like low income, high revolving utilization, and a past delinquency, the borrower has no recent delinquencies, no bankruptcies or public records, and a reasonably long credit history. The small loan size and moderate payment burden suggest a better chance of full repayment than charge-off.",0,0.36110132932662964
69,medium,0,0,,"This application shows elevated default risk due to the high-interest E5 grade, 60-month term, modest income relative to the loan payment, and a high debt-to-income ratio. Although the borrower has stable employment, decent credit history, and no recent delinquencies, the prior bankruptcy/public record and overall weak risk grade point toward charge-off.",0,0.21348382532596588
70,medium,1,1,,"The application shows strong repayment indicators: solid FICO (700-704), low debt-to-income ratio, good income relative to the loan amount, and no recent delinquencies, bankruptcies, or public records. Although there is an older delinquency and short current employment length, the overall credit profile and moderate loan terms suggest this loan is more likely to be fully paid.",1,0.7111693620681763
71,medium,1,0,,"This loan shows elevated default risk due to the long 60-month term, very high 21.98% interest rate, E4 grade, mid-600s FICO, and high revolving utilization of 82.8%. While the borrower has solid income, long employment, and no recent delinquencies, the overall risk profile points more toward charge-off than full repayment.",0,0.344816118478775
72,medium,1,1,,"Despite the higher-risk D2 grade and a past public-record bankruptcy, the borrower shows strong current credit quality with a 725-729 FICO, no recent delinquencies, low debt-to-income, and very low revolving utilization. Stable income, long employment history, and mortgage-backed homeownership further support a Fully Paid outcome.",0,0.3064294457435608
73,medium,1,1,,"Despite the high interest rate and weaker E3 grade, the borrower shows several repayment strengths: solid income, moderate DTI, long credit history, long employment tenure, and no recent delinquencies or inquiries. The elevated revolving utilization and prior public record add risk, but overall the profile leans more toward Fully Paid than Charged Off.",0,0.38818642497062683
74,medium,0,0,,"This application shows elevated default risk due to the 60-month term, high 18.49% rate, D2 grade, high debt-to-income ratio, and very high revolving utilization of 80.6%. While the borrower has a long credit history and no recent delinquencies, the overall risk profile points more toward charge-off than full repayment.",0,0.25177648663520813
75,medium,1,1,,"The borrower appears more likely to fully repay given the solid B1 grade, near-prime FICO around 685-689, long employment and credit history, and no recent delinquencies, bankruptcies, or credit inquiries. While revolving utilization is somewhat elevated and income is not verified, the loan amount and DTI look manageable overall.",1,0.606524646282196
76,medium,1,1,,"This borrower shows relatively strong repayment indicators: solid income, low debt-to-income ratio, mid-to-upper 680s FICO, long credit history, and no recent delinquencies or bankruptcies. While there is a past delinquency and the income is not verified, the overall profile and moderate B2-grade pricing suggest a higher likelihood of full repayment than charge-off.",1,0.6245204210281372
77,medium,1,1,,"Despite a mid-tier C1 grade and fair FICO score, the borrower shows several stabilizing factors: verified $60,000 income, manageable 20.06 DTI, no recent delinquencies or inquiries, and no bankruptcies/public records. The older delinquency history adds some risk, but the overall profile looks more consistent with full repayment than charge-off.",0,0.4010685086250305
78,medium,0,1,,"The borrower shows generally solid credit quality: a near-700 FICO score, low debt-to-income ratio, long credit history, no recent delinquencies, and no bankruptcies or public records. While short employment length and some recent account openings add modest risk, the small loan size and overall credit profile support a Fully Paid prediction.",1,0.5645619630813599
79,medium,1,1,,"Despite a mid-tier C1 grade and two recent delinquencies, the borrower shows strong repayment capacity with very high verified income, extremely low debt-to-income ratio, long credit history, and decent 700+ FICO scores. The absence of bankruptcies or public records and moderate revolving utilization further support a Fully Paid prediction.",1,0.6033536195755005
80,medium,1,1,,"Despite the high-risk grade and recent delinquency, the borrower has a solid FICO around 700, long credit history, stable 10+ year employment, and no bankruptcies or public records. Those strengths suggest enough repayment capacity to outweigh the elevated rate and 60-month term, making full repayment slightly more likely.",0,0.28737205266952515
81,medium,1,1,,"This borrower shows several positive repayment indicators: a moderate B-grade loan, low debt-to-income ratio, long employment and credit history, and no recent delinquencies or inquiries. Although the prior public record/bankruptcy and mid-range FICO score add some risk, the overall profile looks more consistent with a Fully Paid outcome than a charge-off.",1,0.6382342576980591
82,medium,1,1,,"This borrower appears low risk due to solid FICO scores, long credit history, no delinquencies or bankruptcies, low debt-to-income ratio, and moderate revolving utilization. The B1 grade, stable mortgage-backed homeownership, and strong employment history further support a prediction of full repayment.",1,0.6508216261863708
83,medium,1,1,,"Despite a mid-tier C5 grade and fair FICO score, the borrower shows several positive repayment indicators: strong annual income, low debt-to-income ratio, long credit history, and no recent delinquencies or bankruptcies. The prior delinquency and moderately high revolving utilization add some risk, but overall the profile looks more consistent with full repayment than charge-off.",1,0.5518842339515686
84,medium,1,1,,"The borrower shows strong repayment capacity with a high FICO score, low debt-to-income ratio, long credit history, stable employment, and very low revolving utilization. While the D-grade, prior derogatory record, and past delinquency add risk, the overall profile still leans toward full repayment.",0,0.3938773572444916
85,medium,1,0,,"This borrower appears high risk due to a fair FICO score, very high recent delinquency count, high debt-to-income ratio, short employment history, and moderate-high revolving utilization. While the loan is relatively small and there are no bankruptcies, the recent payment problems and weak affordability profile point toward charge-off risk.",0,0.4712337255477905
86,medium,1,1,,"This borrower appears more likely to fully repay given the strong annual income, moderate debt-to-income ratio, long credit history, and clean recent credit behavior with no delinquencies, bankruptcies, or recent inquiries. While the high revolving utilization and mid-600s FICO score add some risk, the overall profile is stronger than typical charged-off cases.",1,0.7330682873725891
87,medium,1,1,,"This borrower shows strong credit quality with a very high FICO score, long credit history, no delinquencies or bankruptcies, and moderate debt burden and utilization. Although the 60-month term and short employment length add some risk, the overall profile is more consistent with a fully paid loan than a charge-off.",1,0.693787693977356
88,medium,1,1,,"This borrower appears more likely to fully repay given the strong credit profile: A-grade loan, FICO around 715-719, long credit history, and no recent delinquencies, bankruptcies, or credit inquiries. While the debt-to-income ratio and revolving utilization are somewhat elevated, the overall risk indicators remain favorable.",1,0.6204677224159241
89,medium,0,1,,"I predict Fully Paid because the borrower shows strong repayment capacity with high income, a low debt-to-income ratio, long credit history, and no recent delinquencies, inquiries, or bankruptcies. Although revolving utilization is somewhat high, the overall credit profile and mid-to-good FICO range support repayment.",1,0.5726836919784546
90,medium,0,1,,"Despite the relatively high rate and mid-tier C5 grade, the borrower shows several positive repayment signals: verified $75k income, long credit history, no recent delinquencies, no bankruptcies, and moderate account management. The main risks are higher revolving utilization and a past delinquency, but overall the profile leans more toward full repayment than charge-off.",0,0.37331029772758484
91,medium,1,1,,"This borrower appears low risk due to the A-grade loan, strong income, very low debt-to-income ratio, long credit history, and no recent delinquencies or bankruptcies. Although revolving utilization is high and there is an older delinquency on file, the overall credit profile supports a likely fully paid outcome.",1,0.8588150143623352
92,medium,0,1,,"This borrower looks more likely to fully repay based on a near-700 FICO score, no delinquencies or bankruptcies, verified income, and a moderate debt-to-income ratio. While revolving utilization is high and employment length is very short, the overall credit profile is still stronger than typical charged-off cases.",1,0.5854681134223938
93,medium,1,0,,"This application shows elevated default risk due to the recent delinquency, high debt-to-income ratio, and high revolving utilization, despite solid income and a long credit history. The mid-tier C1 grade and only fair FICO range further suggest a higher likelihood of charge-off than full repayment.",1,0.48660245537757874
94,medium,1,1,,"This borrower appears more likely to fully repay given the solid FICO score (~705-709), long credit history, no recent delinquencies, bankruptcies, or inquiries, and a moderate loan size relative to income. While revolving utilization and DTI are somewhat elevated, the overall credit profile and B1 grade suggest acceptable repayment risk.",1,0.6739488840103149
95,medium,1,0,,"This application shows elevated credit risk due to the C5 grade, relatively high interest rate, high debt-to-income ratio, and very high revolving utilization of 93.4%. Although the borrower has a long credit history and no recent delinquencies, the overall profile leans toward a higher likelihood of charge-off.",0,0.3757922649383545
96,medium,1,1,,"This borrower shows very strong credit quality, including an excellent FICO score, top-tier A grade, high income, low debt-to-income ratio, and no delinquencies or bankruptcies. The long credit history and modest recent credit-seeking behavior also support a high likelihood of full repayment.",1,0.8878500461578369
97,medium,1,1,,"This borrower appears very likely to fully repay: they have an excellent A1 grade, strong FICO score, high income, long credit history, low revolving utilization, and no recent delinquencies, bankruptcies, or inquiries. While the debt-to-income ratio is somewhat elevated, the overall credit profile is very strong and supports a Fully Paid prediction.",1,0.8166887760162354
98,medium,0,1,,"Despite the high interest rate and some credit risk signals like elevated revolving utilization and a recent delinquency, the borrower has strong income relative to the loan, a moderate DTI, and a long credit history. Overall, the affordability profile and established credit base suggest this loan is more likely to be fully repaid than charged off.",0,0.30962780117988586
99,medium,1,0,,"This application shows elevated default risk due to the 60-month term, high 17.27% interest rate, C5 grade, high 33.66% debt-to-income ratio, and relatively low $42,000 income for the requested amount. While the FICO score is fair and recent delinquencies are absent, the overall risk profile leans more toward charge-off than full repayment.",0,0.3889317810535431
0,high,1,1,,"The borrower appears more likely to fully repay due to a solid near-prime FICO score, long employment and credit history, and no recent delinquencies, inquiries, or bankruptcies. Although revolving utilization is somewhat high, the moderate DTI, verified income, and clean credit profile support a Fully Paid prediction.",1,0.6231263279914856
1,high,1,1,,"I predict Fully Paid because the borrower has a relatively small 36-month loan, low debt-to-income ratio, long credit history, stable employment, and no recent delinquencies or inquiries. While the mid-660s FICO, high utilization, and prior bankruptcy add risk, the overall profile looks more consistent with repayment than charge-off.",1,0.6668004989624023
2,high,1,1,,"The borrower shows a generally strong credit profile with solid income, very low debt-to-income ratio, long credit history, no recent delinquencies or inquiries, and no bankruptcies or public records. While revolving utilization is somewhat high and there is a past delinquency, the overall risk appears more consistent with a fully paid loan than a charge-off.",1,0.8110950589179993
3,high,1,1,,"This borrower appears low risk due to the strong A2 grade, high income, solid 730+ FICO, long credit history, and no recent delinquencies or bankruptcies. Although there is an older delinquency on record and the income is not verified, the overall profile supports a likely Fully Paid outcome.",1,0.8738787770271301
4,high,1,1,,"I predict this loan will be fully repaid because the borrower has a solid income, verified employment, a good FICO score around 700, long credit history, and no recent delinquencies, bankruptcies, or inquiries. Although the revolving utilization is very high and there is an older delinquency on record, the overall profile is still stronger than typical charged-off loans.",1,0.7447378635406494
5,high,1,1,,"This borrower appears more likely to fully repay given the solid near-700 FICO range, verified $65k income, moderate DTI of 14.31, and no delinquencies, bankruptcies, or public records. The loan amount is relatively small and revolving utilization is reasonable, which supports manageable repayment risk despite some recent account opening activity.",1,0.6380402445793152
6,high,1,1,,"This borrower appears likely to fully repay given the very strong credit profile: A1 grade, very high FICO (775-779), no delinquencies, no bankruptcies, no recent inquiries, and a long credit history. While income is moderate relative to the loan size, the low interest rate, manageable revolving utilization, and clean payment history support a low default risk.",1,0.9028882384300232
7,high,1,1,,"I predict Fully Paid because the borrower has a very low debt-to-income ratio, long credit history, stable employment, and no recent delinquencies or heavy inquiry activity. Risk is elevated by the C4 grade, high revolving utilization, and a prior bankruptcy/public record, but the overall profile still leans toward repayment.",0,0.4120224118232727
8,high,1,0,,"I predict Charged Off because the loan carries several elevated risk signals: a 60-month term at 19.2% interest, D3 grade, high debt-to-income ratio (29.4%), and very high revolving utilization (77.8%). Although the borrower has solid credit history, stable employment, and no recent delinquencies, the overall leverage and pricing suggest a higher default risk.",0,0.22810080647468567
9,high,1,1,,"I predict Fully Paid because the borrower shows solid credit quality: a 705-709 FICO, long credit history, strong income relative to the small $7,000 loan, manageable DTI, and no bankruptcies or recent delinquencies. While revolving utilization is somewhat high and there is an older delinquency on record, the overall profile is still consistent with repayment.",1,0.7869284749031067
10,high,1,1,,"The borrower shows relatively strong repayment indicators, including a solid 715-719 FICO range, long credit history, low DTI, no recent delinquencies, and no bankruptcies or public records. While the C grade, high revolving utilization, and past delinquency add some risk, the overall profile still leans toward full repayment.",1,0.6974790096282959
11,high,1,1,,"The borrower shows several strong repayment signals: verified $88k income, moderate DTI, long credit history, no delinquencies or bankruptcies, and only one recent inquiry. Although revolving utilization is very high, the overall profile and shorter 36-month term suggest a higher likelihood of full repayment than charge-off.",1,0.7528872489929199
12,high,1,1,,"Despite fair FICO scores, high revolving utilization, and two recent delinquencies, the borrower has a long credit history, stable verified income, home ownership, and no bankruptcies or public records. On balance, this looks like a moderate-risk loan, but full repayment appears slightly more likely than charge-off.",1,0.5680384635925293
13,high,1,1,,"This borrower appears very likely to fully repay: they have excellent credit (A1 grade, FICO 750-754), a long credit history, no recent delinquencies or bankruptcies, and low revolving utilization. The loan amount is modest relative to income, and the debt-to-income ratio is reasonable, which supports repayment capacity.",1,0.8363387584686279
14,high,0,1,,"The borrower shows solid repayment capacity with a relatively high income, low debt-to-income ratio, mid-prime FICO around 700, and no delinquencies, bankruptcies, or public records. Although revolving utilization is somewhat elevated and credit history is moderately short, the overall profile suggests a higher likelihood of full repayment than charge-off.",1,0.6773066520690918
15,high,1,1,,"This borrower appears likely to fully repay given the strong A-grade pricing, high FICO score (755-759), low revolving utilization, and no delinquencies, bankruptcies, or public records. While income is modest and not verified, the overall credit profile and moderate debt-to-income ratio suggest relatively low default risk.",1,0.6560823321342468
16,high,1,1,,"The borrower shows strong credit quality with a 720-724 FICO, no recent delinquencies, no recent inquiries, moderate debt-to-income, and reasonable revolving utilization. Although the loan is a 60-month Grade C loan and there are some public records, the overall profile looks more consistent with full repayment than charge-off.",1,0.5074806809425354
17,high,1,1,,"I predict Fully Paid because the borrower has a long credit history, no delinquencies, bankruptcies, or public records, and only one recent inquiry, which suggests generally stable credit behavior. The risk is elevated by the high debt-to-income ratio, high revolving utilization, and mid-grade C3 pricing, but the overall profile still leans toward repayment.",0,0.36878013610839844
18,high,1,1,,"The borrower appears more likely to fully repay given the mid-to-good FICO range, B-grade pricing, long credit history, and clean recent credit behavior with no delinquencies, bankruptcies, or recent inquiries. While high revolving utilization and a somewhat elevated DTI add risk, the overall profile is still more consistent with a performing loan than a charge-off.",1,0.5690789818763733
19,high,1,1,,"This loan looks low risk due to the very strong FICO score, A-grade pricing, long credit history, no delinquencies or bankruptcies, and low revolving utilization. Although the debt-to-income ratio is somewhat elevated, the verified income, stable employment, and clean credit profile support a Fully Paid prediction.",1,0.7326093912124634
20,high,1,1,,"Despite the higher-risk D grade and relatively high interest rate, the borrower has strong compensating factors: a solid 720-724 FICO, long credit history, 10 years of employment, and no recent delinquencies, bankruptcies, or inquiries. The debt load is somewhat elevated, but overall the clean credit profile suggests this loan is more likely to be fully repaid.",0,0.4373668134212494
21,high,0,1,,"This borrower looks more likely to fully repay because of a solid B-grade profile, near-700 FICO, verified $60k income, long credit history, and no recent delinquencies, bankruptcies, or inquiries. The main risks are the high revolving utilization and somewhat elevated DTI, but overall the credit profile appears stronger than default-prone.",1,0.6848368048667908
22,high,1,1,,"Despite the mid-grade C3 rating and a prior public-record bankruptcy, the borrower shows strong repayment capacity with high income, low DTI, long employment, and a long credit history. The modest loan size, no recent delinquencies, and limited recent inquiries suggest this loan is more likely to be fully paid.",1,0.6263533234596252
23,high,1,0,,"This loan appears more likely to charge off due to the high-risk E3 grade, very high 22.4% interest rate, elevated 30.02 DTI, and extremely high 87.8% revolving utilization. While the borrower has solid income and long employment history, the mid-600s FICO and prior delinquency history point to elevated default risk.",0,0.24288909137248993
24,high,1,1,,"The borrower shows generally solid credit quality, with a mid-680s FICO score, very low debt-to-income ratio, long credit history, no recent delinquencies, and no bankruptcies or public records. While there is a past delinquency and income verification is not completed, the overall profile suggests a higher likelihood of full repayment than charge-off.",1,0.6532856225967407
25,high,1,1,,"Despite the high interest rate and E-grade pricing, the borrower shows a strong credit profile with a high FICO score, long credit history, no delinquencies or bankruptcies, and low debt-to-income and revolving utilization. Stable income, verified employment, and solid housing status further support a higher likelihood of full repayment.",0,0.30565035343170166
26,high,1,1,,"Despite the 60-month term, high interest rate, and D-grade pricing, the borrower has strong credit fundamentals: excellent FICO, no delinquencies or bankruptcies, and low revolving utilization. With verified income and a moderate debt-to-income ratio, the clean credit profile suggests this loan is more likely to be fully paid.",0,0.2749938368797302
27,high,0,1,,"The borrower shows several positive repayment signals: solid income relative to a small loan, moderate DTI, long credit history, stable employment, and no recent delinquencies or bankruptcies. While the C3 grade, fair FICO, and high revolving utilization add risk, the overall profile leans more toward full repayment than charge-off.",1,0.5732681751251221
28,high,1,1,,"Despite the mid-tier C3 grade and very high revolving utilization, the borrower shows solid repayment capacity with $95k income, low 12.94% DTI, no recent delinquencies or inquiries, and a long 15-year credit history. The moderate FICO and prior delinquency add risk, but overall the profile leans more toward full repayment than charge-off.",0,0.4321106970310211
29,high,1,1,,"Despite the high interest rate, D5 grade, and very high revolving utilization, the borrower shows strong repayment capacity with $150,000 verified income, a moderate 18.07 DTI, long credit history, and stable employment. The prior delinquency adds risk, but overall the profile looks more likely to fully repay than charge off.",0,0.43987175822257996
30,high,1,1,,"This borrower looks likely to fully repay given the strong credit profile: A-grade loan, FICO around 725-729, no delinquencies or bankruptcies, and a long employment and credit history. While income is modest and recent account openings are somewhat high, the moderate DTI and low interest rate suggest manageable repayment risk.",1,0.5652965903282166
31,high,1,1,,"This borrower appears low risk due to a strong A-grade loan, high FICO score, low debt-to-income ratio, long credit history, and no delinquencies or bankruptcies. Stable long-term employment and modest recent credit activity also support a high likelihood of full repayment.",1,0.7692814469337463
32,high,0,0,,"I predict Charged Off because the loan carries several higher-risk signals: a 60-month term, very high 21% interest rate, E2 grade, high revolving utilization, and a recent delinquency within the past year. While income, employment length, and credit history are solid, the overall risk profile still leans toward default.",0,0.3021709620952606
33,high,1,1,,"This borrower appears low risk due to the strong A-grade loan, good FICO score, long credit history, stable employment, and no recent delinquencies, inquiries, or bankruptcies. The small loan amount, moderate DTI, and reasonable revolving utilization further support a likely fully paid outcome.",1,0.6549701690673828
34,high,0,1,,"The borrower shows solid credit quality with a good FICO score, no delinquencies, no bankruptcies, and a reasonably long credit history, which supports repayment. While income is modest and the debt-to-income ratio is somewhat elevated, the small loan size and otherwise clean credit profile suggest this loan is more likely to be fully paid.",0,0.36660370230674744
35,high,1,1,,"Despite the higher interest rate and D-grade pricing, the borrower shows strong repayment indicators: high FICO (735-739), no delinquencies or bankruptcies, low revolving utilization, and a manageable loan size/payment relative to income. The short credit history and unverified income add some risk, but overall the profile looks more consistent with a fully paid loan than a charge-off.",0,0.44167304039001465
36,high,1,1,,"The borrower shows generally strong repayment indicators, including a solid FICO score around 710+, very low debt-to-income ratio, no recent delinquencies or inquiries, and a long credit history. While the prior bankruptcy/public record adds some risk, the overall profile is more consistent with a fully paid loan than a charge-off.",1,0.6217998266220093
37,high,1,1,,"The borrower shows strong repayment capacity with very high verified income, a solid B-grade/700+ FICO profile, long credit history, and no delinquencies, bankruptcies, or public records. Although revolving utilization is high and employment tenure is short, the overall credit profile and income support a fully paid outcome.",1,0.6128955483436584
38,high,1,1,,"I predict Fully Paid because the borrower has a reasonably strong credit profile: near-700 FICO, long credit history, no recent delinquencies, no bankruptcies, and a moderate debt-to-income ratio. While income is modest and revolving utilization is somewhat high, the overall risk appears acceptable for a B3 36-month loan.",1,0.5232486128807068
39,high,1,1,,"Despite the higher-risk D1 grade and elevated interest rate, the borrower shows several stabilizing factors: a long credit history, no recent delinquencies or bankruptcies, moderate DTI, and long employment tenure. The fair FICO score and somewhat high revolving utilization add risk, but overall this profile looks more likely to fully repay than charge off.",0,0.37844014167785645
40,high,1,1,,"I predict Fully Paid because the borrower has excellent credit quality, with a 760-764 FICO score, no delinquencies or bankruptcies, moderate revolving utilization, and a solid 10+ year credit history. Although the 60-month term and RENT status add some risk, the relatively low loan amount versus income and clean credit profile strongly support repayment.",1,0.6481168866157532
41,high,1,1,,"The borrower shows generally solid repayment capacity with verified $86k income, long employment and credit history, no recent delinquencies, no recent inquiries, and no bankruptcies or public records. While the DTI and revolving utilization are somewhat elevated and there is an older delinquency on file, the overall profile is more consistent with a Fully Paid outcome than a charge-off.",1,0.5870018601417542
42,high,1,1,,"The borrower shows solid repayment capacity with high income, moderate DTI, and no delinquencies, bankruptcies, or public records. While the fair FICO score, higher revolving utilization, and short credit history add some risk, the overall profile leans toward full repayment.",1,0.480243980884552
43,high,0,0,,"Despite a moderate B3 grade and manageable stated DTI, this application shows elevated risk from very high revolving utilization, a prior bankruptcy/public record, low income, and short employment history. The fair FICO score and past delinquency history suggest a higher likelihood of charge-off than full repayment.",1,0.6119813919067383
44,high,1,1,,"The borrower shows a relatively strong credit profile with good FICO scores, long credit history, stable employment, no recent delinquencies or bankruptcies, and only one recent inquiry. While the debt-to-income ratio and revolving utilization are somewhat elevated, the overall risk indicators support a likely fully paid outcome.",1,0.6824694275856018
45,high,1,1,,"The borrower shows relatively strong credit quality with a 710-714 FICO, a B1 grade, low revolving utilization, no recent delinquencies, and a manageable debt-to-income ratio. Although income is modest and not verified, the small loan amount and solid overall credit profile suggest a higher likelihood of full repayment.",1,0.7373353242874146
46,high,1,1,,"This borrower appears more likely to fully repay due to a solid FICO score around 700, verified $75,000 income, moderate debt-to-income ratio, and no delinquencies, bankruptcies, or public records. The loan amount is relatively small, and while revolving utilization is somewhat elevated, the overall credit profile is still stronger than typical charge-off cases.",1,0.6925277709960938
47,high,1,1,,"The borrower shows a generally solid credit profile with a near-prime FICO (695-699), low debt-to-income ratio, long credit history, and no recent delinquencies, bankruptcies, or hard inquiries. Although the 60-month term, C2 grade, and moderately high revolving utilization add some risk, the overall profile suggests a higher likelihood of full repayment.",1,0.5025073289871216
48,high,1,1,,"This borrower appears more likely to fully repay due to strong income relative to the loan size, moderate debt-to-income, long employment and credit history, and no bankruptcies or public records. While the recent delinquency and mid-range FICO score add some risk, the overall profile is still consistent with a likely fully paid outcome.",1,0.7308744192123413
49,high,1,1,,"This borrower looks more likely to fully repay based on a solid B-grade profile, FICO around 700, stable income relative to the loan size, and a long credit history. The absence of delinquencies, bankruptcies, and recent negative credit events also supports lower default risk despite a moderate debt-to-income ratio.",1,0.6138487458229065
50,high,1,1,,"Despite the below-prime D1 grade and high revolving utilization, the borrower shows several stabilizing factors: moderate income relative to a very small loan, low DTI, long credit history, and no recent delinquencies, inquiries, or bankruptcies. Overall, this profile looks more likely to fully repay than charge off.",1,0.6655076742172241
51,high,1,0,,"This application shows elevated default risk due to the D/D1 grade, 17.77% interest rate, mid-600s FICO, high revolving utilization, and a prior delinquency on record. Although the borrower has a manageable DTI and no bankruptcies or recent delinquencies, the overall profile leans more toward charge-off than full repayment.",1,0.54145747423172
52,high,1,0,,"This loan looks higher risk due to the D1 grade, fair FICO (660-664), very high revolving utilization, a recent delinquency history, and very short employment length. Although income and DTI are reasonably solid, the credit risk indicators point more toward charge-off than full repayment.",0,0.33674854040145874
53,high,1,1,,"The borrower shows strong repayment capacity with high verified income, low debt-to-income ratio, solid 700+ FICO, long credit history, and no delinquencies, bankruptcies, or public records. While the Grade C loan and moderate revolving utilization add some risk, the overall profile looks more consistent with full repayment than charge-off.",1,0.6385228633880615
54,high,1,1,,"Despite the relatively high interest rate and D4 grade, the borrower shows strong repayment capacity with verified $80,000 income, very low 8.57% DTI, and a clean recent credit history with no delinquencies, bankruptcies, or recent inquiries. The long credit history and stable employment also support a higher likelihood of full repayment.",0,0.3783048987388611
55,high,1,0,,"The loan looks higher risk due to its E3 grade, very high 21.6% rate, 60-month term, high revolving utilization, and a prior public-record bankruptcy/derogatory record. While income, credit history, and recent delinquency behavior are decent, the overall risk profile points more toward charge-off than full repayment.",0,0.30845627188682556
56,high,1,1,,"The borrower shows strong credit quality with a high FICO score, long credit history, no recent delinquencies, no bankruptcies, and low revolving utilization. Although the DTI is somewhat elevated and income is modest, the overall profile suggests a higher likelihood of full repayment than charge-off.",1,0.5167348980903625
57,high,1,1,,"The borrower looks more likely to fully repay given the solid income, 10+ year credit history, mortgage homeownership, and no recent delinquencies, bankruptcies, or public derogatory records. While the C4 grade, 16.29% rate, and very high revolving utilization are meaningful risk factors, the overall profile is stronger than a typical charge-off case.",1,0.5292184352874756
58,high,1,1,,"This borrower appears very likely to fully repay based on an excellent credit profile: high FICO score, A2 grade, very low debt-to-income ratio, verified high income, and no delinquencies or bankruptcies. The long credit history, stable employment, and moderate revolving utilization further support low default risk.",1,0.9197893142700195
59,high,0,0,,"This loan looks higher risk due to the 60-month term, very high 21.98% interest rate, and low LendingClub grade of E4, which are strong indicators of default risk. While the borrower has stable employment and no recent delinquencies, the prior delinquency history and only moderate income relative to the loan size make charge-off more likely.",0,0.2724246680736542
60,high,1,0,,"This loan looks high risk due to the very weak LC grade (F5), high interest rate, and very high revolving utilization, which often signal strained credit capacity. Although income and DTI are reasonable, the middling FICO score and prior delinquency history make a charge-off more likely than full repayment.",0,0.25318995118141174
61,high,0,1,,"This borrower appears more likely to fully repay given the mid-prime FICO score, no recent delinquencies or bankruptcies, solid credit history, and a moderate debt-to-income ratio. While revolving utilization is fairly high and income is not verified, the overall risk profile is still consistent with a performing B-grade 36-month loan.",1,0.6424853801727295
62,high,1,1,,"The borrower appears more likely to fully repay due to a mid-to-good FICO score, long credit history, no recent delinquencies, no bankruptcies, and verified income with mortgage stability. While the DTI and revolving utilization are somewhat elevated and there is an older delinquency on record, the overall profile looks more consistent with a Fully Paid outcome than a charge-off.",0,0.45958951115608215
63,high,1,0,,"I predict Charged Off because the applicant has several strong recent credit-risk signals, including 4 delinquencies in the last 2 years and a delinquency as recent as 2 months ago, along with only mid-range FICO scores (660-664) and a C3 grade. While income, loan size, and credit history length are reasonable, the recent payment problems outweigh those positives.",0,0.3743076026439667
64,high,1,1,,"The borrower shows several strong repayment indicators: solid income relative to the loan size, a long credit history, mid-700 FICO range, and no recent delinquencies, bankruptcies, or inquiries. While the high revolving utilization and moderate DTI add some risk, the overall profile is more consistent with a fully paid outcome than a charge-off.",1,0.7150377035140991
65,high,1,1,,"The application shows generally solid repayment capacity: a moderate loan size, affordable payment relative to $65k income, low-to-moderate DTI, long credit history, and no recent delinquencies or inquiries. While the past bankruptcy/public record and older delinquency are risk factors, the overall profile looks more consistent with a fully paid loan than a charge-off.",1,0.6367712616920471
66,high,1,1,,"The borrower shows generally solid credit quality with a 700+ FICO score, long 20-year credit history, no bankruptcies or public records, and moderate revolving utilization. While the recent delinquency, relatively high DTI, and unverified income add some risk, the overall profile still leans toward full repayment rather than charge-off.",1,0.5450441837310791
67,high,1,1,,"This application looks low risk due to the strong A-grade loan, high FICO score, low debt-to-income ratio, modest loan size relative to income, and clean credit history with no delinquencies or bankruptcies. Low revolving utilization and a long credit history further support a likely fully paid outcome.",1,0.714224100112915
68,high,1,1,,"Despite the low income and elevated revolving utilization, the borrower has a fair FICO score, a long credit history, stable employment, and no delinquencies in the last two years or bankruptcies. Overall, the profile looks moderate-risk but still more likely to fully repay than charge off.",0,0.36110132932662964
69,high,0,0,,"This loan appears higher risk due to the E5 grade, very high 22.47% interest rate, elevated 30.56 DTI, and a prior public-record bankruptcy/derogatory record. While the borrower has long employment history and no recent delinquencies, the overall credit profile and payment burden suggest a greater likelihood of charge-off than full repayment.",0,0.21348382532596588
70,high,1,1,,"This borrower looks more likely to fully repay given the solid B1 grade, decent 700+ FICO, low debt-to-income ratio, verified $75k income, and no recent delinquencies or bankruptcies. While there is an older delinquency on record and relatively short employment tenure, the overall credit profile appears strong for a small 36-month loan.",1,0.7111693620681763
71,high,1,1,,"Despite the high-risk E4 grade, 60-month term, and high revolving utilization, the borrower has strong compensating factors: verified $95k income, moderate DTI, long credit history, stable employment, and no recent delinquencies or bankruptcies. Overall, this profile looks slightly more likely to be Fully Paid than Charged Off.",0,0.344816118478775
72,high,1,1,,"Despite the D-grade and 60-month term, the borrower shows several strong repayment indicators: good FICO (725-729), low DTI, low revolving utilization, verified income, and no recent delinquencies. The prior bankruptcy and high recent inquiry count add risk, but overall the profile looks more consistent with a fully paid outcome than a charge-off.",0,0.3064294457435608
73,high,1,1,,"Despite the high-risk E3 grade and elevated utilization, the borrower shows strong compensating factors: solid income, moderate DTI, long credit history, 10+ years of employment, and no recent delinquencies or inquiries. Overall, the profile suggests a better chance of full repayment than charge-off.",0,0.38818642497062683
74,high,0,0,,"I predict Charged Off because this is a higher-risk 60-month D-grade loan with a fair FICO score, high debt-to-income ratio, and very high revolving utilization. Although the borrower has a long credit history and no recent delinquencies, the overall leverage and pricing suggest elevated default risk.",0,0.25177648663520813
75,high,1,1,,"This borrower appears more likely to fully repay given the solid B1 grade, mid-to-upper 680s FICO, long employment and credit history, and no recent delinquencies, bankruptcies, or credit inquiries. While revolving utilization is somewhat elevated and income is not verified, the relatively small loan size and manageable DTI support a lower default risk overall.",1,0.606524646282196
76,high,1,1,,"This borrower looks more likely to fully repay because the loan has a moderate B2 grade, very low debt-to-income ratio, solid income, long credit history, and no recent delinquencies, bankruptcies, or public records. Risk is somewhat higher due to not-verified income, moderate revolving utilization, and a past delinquency, but the overall profile still appears stronger than average.",1,0.6245204210281372
77,high,1,1,,"This borrower shows moderate risk but has several stabilizing factors: verified $60,000 income, no recent delinquencies or inquiries, no bankruptcies, and manageable revolving utilization. Although the C1 grade, fair FICO, rental status, and prior delinquency raise risk, the overall profile looks more consistent with full repayment than charge-off.",0,0.4010685086250305
78,high,0,1,,"This borrower appears more likely to fully repay due to a solid mid-to-high FICO score, low debt-to-income ratio, no recent delinquencies, and no bankruptcies or public records. While income is not verified and recent account openings are somewhat elevated, the small loan size and moderate revolving utilization support a lower default risk overall.",1,0.5645619630813599
79,high,1,1,,"Despite the recent delinquencies and a mid-risk C1 grade, the borrower shows strong repayment capacity with very high verified income, extremely low debt-to-income ratio, long credit history, and solid FICO around 700. Low revolving utilization and no bankruptcies or public records further support a fully paid outcome.",1,0.6033536195755005
80,high,1,0,,"The loan carries several strong risk signals: a 60-month term, very high 20.49% interest rate, E1 grade, relatively high DTI, and a recent delinquency just 8 months ago. Although the borrower has a decent FICO score, long credit history, and stable employment, the overall profile still leans toward elevated default risk.",0,0.28737205266952515
81,high,1,1,,"This application shows several positive repayment indicators: low debt-to-income ratio, stable mortgage-based housing, long employment and credit history, and no recent delinquencies or inquiries. While the prior bankruptcy/public record and mid-range FICO add some risk, the overall profile appears stronger for full repayment than charge-off.",1,0.6382342576980591
82,high,1,1,,"This borrower looks likely to fully repay given the solid B1 grade, good 705-709 FICO, very low 4.76% debt-to-income ratio, long credit history, and no recent delinquencies, bankruptcies, or inquiries. The loan amount is modest relative to income, and credit utilization is moderate, which further supports lower default risk.",1,0.6508216261863708
83,high,1,1,,"Despite the mid-risk C5 grade and fair FICO score, the borrower shows several strengths: solid verified income, low DTI, long credit history, no recent 30+ day delinquencies, and no bankruptcies or public records. The elevated revolving utilization and past delinquency add some risk, but overall the profile looks more consistent with full repayment than charge-off.",1,0.5518842339515686
84,high,1,1,,"Despite the higher-rate D3 grade, the borrower shows strong repayment indicators: high FICO (745-749), low DTI, very low revolving utilization, long credit history, and long employment tenure. The older delinquency/public record adds some risk, but the overall profile looks more consistent with full repayment than charge-off.",0,0.3938773572444916
85,high,1,0,,"I predict Charged Off due to the combination of a middling FICO score, very high recent delinquency count, high debt-to-income ratio, and elevated revolving utilization. The low income and short employment history further weaken repayment capacity despite the small loan size.",0,0.4712337255477905
86,high,1,1,,"Despite the high revolving utilization, the borrower shows strong repayment capacity with high verified income, moderate DTI, a long credit history, and no recent delinquencies, bankruptcies, or inquiries. The 36-month term and B4 grade point to moderate risk, but overall the profile leans toward full repayment.",1,0.7330682873725891
87,high,1,1,,"The borrower appears likely to fully repay based on a very strong FICO score, long clean credit history, no delinquencies or bankruptcies, and moderate debt burden with manageable revolving utilization. While the 60-month term and short employment length add some risk, the overall credit profile is solid.",1,0.693787693977356
88,high,1,1,,"This loan is more likely to be Fully Paid because the borrower has a strong A-grade profile, solid 715-719 FICO, long credit history, and no delinquencies, bankruptcies, or recent inquiries. While the debt-to-income ratio and revolving utilization are somewhat elevated, the overall credit quality and clean repayment history outweigh those risks.",1,0.6204677224159241
89,high,0,1,,"The borrower shows generally strong credit fundamentals: high income relative to the loan, moderate DTI, long credit history, solid FICO around 692, and no recent delinquencies, bankruptcies, or inquiries. Although revolving utilization is elevated and employment length is shorter, the overall profile is more consistent with a fully paid loan than a charge-off.",1,0.5726836919784546
90,high,0,1,,"Despite the mid-risk C5 grade and relatively high interest rate, the borrower shows several stabilizing factors: verified $75k income, long credit history, no bankruptcies or public records, and no recent delinquencies in the last 2 years. The main risks are fair FICO, prior delinquency history, and moderately high revolving utilization, but overall the profile looks more likely to fully repay than charge off.",0,0.37331029772758484
91,high,1,1,,"This borrower appears low risk due to the A-grade loan, solid 705-709 FICO range, high income, very low debt-to-income ratio, long credit history, and no recent delinquencies or bankruptcies. While revolving utilization is elevated and there is an older delinquency on record, the overall profile still strongly supports full repayment.",1,0.8588150143623352
92,high,0,1,,"This borrower looks more likely to fully repay based on a near-700 FICO score, verified income, moderate debt-to-income ratio, and a clean recent credit history with no delinquencies, bankruptcies, or recent inquiries. The main risks are high revolving utilization and very short reported employment length, but overall the profile still leans toward Fully Paid.",1,0.5854681134223938
93,high,1,1,,"Despite some risk factors like a recent delinquency, high debt-to-income ratio, and elevated revolving utilization, the borrower has solid income, a long credit history, no bankruptcies, and a shorter 36-month term. Overall, the profile looks more consistent with a loan that is likely to be fully repaid than charged off.",1,0.48660245537757874
94,high,1,1,,"The borrower appears more likely to fully repay due to a solid FICO score around 705-709, long credit history, no recent delinquencies, bankruptcies, or inquiries, and a relatively strong B1 grade. While DTI and revolving utilization are somewhat elevated, the overall credit profile and moderate loan size suggest lower default risk.",1,0.6739488840103149
95,high,1,0,,"This application shows elevated default risk due to the fair FICO range, high debt-to-income ratio, and extremely high revolving utilization, which suggest the borrower is already heavily leveraged. While the long credit history and clean delinquency record are positives, the overall risk profile is more consistent with a charged-off loan.",0,0.3757922649383545
96,high,1,1,,"This borrower appears very low risk given the excellent FICO score, A-grade pricing, high income, low debt-to-income ratio, long credit history, and no delinquencies or bankruptcies. The strong overall credit profile outweighs the short reported employment length, so full repayment is the more likely outcome.",1,0.8878500461578369
97,high,1,1,,"This borrower appears very likely to fully repay given the excellent credit profile: top-tier A1 grade, high FICO score, long credit history, no recent delinquencies, no bankruptcies, and low revolving utilization. Strong income relative to the loan size and a low interest 36-month loan term also support lower default risk.",1,0.8166887760162354
98,high,0,0,,"This loan appears higher risk due to the D4 grade, high 19.22% rate, elevated revolving utilization, and a recent delinquency/public record despite no bankruptcy. While income and credit history are solid, the combination of fair FICO, 60-month term, and recent credit stress points more toward charge-off than full repayment.",0,0.30962780117988586
99,high,1,0,,"I predict Charged Off because the borrower shows several elevated-risk signals: a high debt-to-income ratio, relatively modest income for a 60-month $17,000 loan, short employment history, and a mid-risk C5 grade. While the FICO score and recent delinquency history are not bad, the overall affordability and credit risk profile leans toward default.",0,0.3889317810535431
