phase,variant,loan_index,actual,prediction,correct,prob_fully_paid,reasoning
1,baseline,0,1,1,1,,"The borrower has a stable income, a long credit history, and a reasonable debt-to-income ratio, indicating a low risk of default."
1,baseline,1,1,0,0,,"The borrower has a high debt-to-income ratio, a history of derogatory public records, and a high interest rate, indicating a high risk of default."
1,baseline,2,1,1,1,,"The borrower has a high income, a long credit history, and a low debt-to-income ratio, indicating a low risk of default."
1,baseline,3,1,1,1,,"The borrower has a high income, a long credit history, and a low debt-to-income ratio, indicating a low risk of default."
1,baseline,4,1,1,1,,"The borrower has a stable income, a long credit history, and a reasonable debt-to-income ratio, indicating a low risk of default."
1,baseline,5,1,1,1,,"The borrower has a stable income, a long credit history, and a reasonable debt-to-income ratio, indicating a low risk of default."
1,baseline,6,1,1,1,,"The borrower has a high income, a long credit history, and a low debt-to-income ratio, indicating a low risk of default."
1,baseline,7,1,0,0,,"The borrower has a high interest rate, a history of derogatory public records, and a high debt-to-income ratio, indicating a high risk of default."
1,baseline,8,1,0,0,,"The borrower has a high interest rate, a high debt-to-income ratio, and a history of derogatory public records, indicating a high risk of default."
1,baseline,9,1,1,1,,"The borrower has a stable income, a long credit history, and a reasonable debt-to-income ratio, indicating a low risk of default."
1,baseline,10,1,0,0,,"The borrower has a high interest rate, a high debt-to-income ratio, and a history of derogatory public records, indicating a high risk of default."
1,baseline,11,1,1,1,,"The borrower has a high income, a long credit history, and a low debt-to-income ratio, indicating a low risk of default."
1,baseline,12,1,0,0,,"The borrower has a high interest rate, a high debt-to-income ratio, and a history of derogatory public records, indicating a high risk of default."
1,baseline,13,1,1,1,,"The borrower has a high income, a long credit history, and a low debt-to-income ratio, indicating a low risk of default."
1,baseline,14,0,1,0,,"The borrower has a stable income, a long credit history, and a reasonable debt-to-income ratio, indicating a low risk of default."
1,baseline,15,1,1,1,,"The borrower has a high income, a long credit history, and a low debt-to-income ratio, indicating a low risk of default."
1,baseline,16,1,0,0,,"The borrower has a high interest rate, a history of derogatory public records, and a high debt-to-income ratio, indicating a high risk of default."
1,baseline,17,1,0,0,,"The borrower has a high interest rate, a high debt-to-income ratio, and a history of derogatory public records, indicating a high risk of default."
1,baseline,18,1,1,1,,"The borrower has a stable income, a long credit history, and a reasonable debt-to-income ratio, indicating a low risk of default."
1,baseline,19,1,1,1,,"The borrower has a high income, a long credit history, and a low debt-to-income ratio, indicating a low risk of default."
1,baseline,20,1,0,0,,"The borrower has a high interest rate, a high debt-to-income ratio, and a history of derogatory public records, indicating a high risk of default."
1,baseline,21,0,0,1,,"The borrower has a high interest rate, a high debt-to-income ratio, and a history of derogatory public records, indicating a high risk of default."
1,baseline,22,1,0,0,,"The borrower has a high interest rate, a history of derogatory public records, and a high debt-to-income ratio, indicating a high risk of default."
1,baseline,23,1,0,0,,"The borrower has a high interest rate, a high debt-to-income ratio, and a history of derogatory public records, indicating a high risk of default."
1,baseline,24,1,1,1,,"The borrower has a stable income, a long credit history, and a reasonable debt-to-income ratio, indicating a low risk of default."
1,baseline,25,1,0,0,,"The borrower has a high interest rate, a high debt-to-income ratio, and a history of derogatory public records, indicating a high risk of default."
1,baseline,26,1,0,0,,"The borrower has a high interest rate, a high debt-to-income ratio, and a history of derogatory public records, indicating a high risk of default."
1,baseline,27,0,0,1,,"The borrower has a high interest rate, a history of derogatory public records, and a high debt-to-income ratio, indicating a high risk of default."
1,baseline,28,1,1,1,,"The borrower has a stable income, a long credit history, and a reasonable debt-to-income ratio, indicating a low risk of default."
1,baseline,29,1,0,0,,"The borrower has a high interest rate, a high debt-to-income ratio, and a history of derogatory public records, indicating a high risk of default."
1,baseline,30,1,1,1,,"The borrower has a high income, a long credit history, and a low debt-to-income ratio, indicating a low risk of default."
1,baseline,31,1,1,1,,"The borrower has a stable income, a long credit history, and a reasonable debt-to-income ratio, indicating a low risk of default."
1,baseline,32,0,0,1,,"The borrower has a high interest rate, a high debt-to-income ratio, and a history of derogatory public records, indicating a high risk of default."
1,baseline,33,1,1,1,,"The borrower has a high income, a long credit history, and a low debt-to-income ratio, indicating a low risk of default."
1,baseline,34,0,0,1,,"The borrower has a high interest rate, a high debt-to-income ratio, and a history of derogatory public records, indicating a high risk of default."
1,baseline,35,1,0,0,,"The borrower has a high interest rate, a history of derogatory public records, and a high debt-to-income ratio, indicating a high risk of default."
1,baseline,36,1,1,1,,"The borrower has a stable income, a long credit history, and a reasonable debt-to-income ratio, indicating a low risk of default."
1,baseline,37,1,1,1,,"The borrower has a high income, a long credit history, and a low debt-to-income ratio, indicating a low risk of default."
1,baseline,38,1,1,1,,"The borrower has a stable income, a long credit history, and a reasonable debt-to-income ratio, indicating a low risk of default."
1,baseline,39,1,0,0,,"The borrower has a high interest rate, a high debt-to-income ratio, and a history of derogatory public records, indicating a high risk of default."
1,baseline,40,1,1,1,,"The borrower has a stable income, a long credit history, and a reasonable debt-to-income ratio, indicating a low risk of default."
1,baseline,41,1,0,0,,"The borrower has a high interest rate, a high debt-to-income ratio, and a history of derogatory public records, indicating a high risk of default."
1,baseline,42,1,0,0,,"The borrower has a high interest rate, a history of derogatory public records, and a high debt-to-income ratio, indicating a high risk of default."
1,baseline,43,0,0,1,,"The borrower has a high interest rate, a high debt-to-income ratio, and a history of derogatory public records, indicating a high risk of default."
1,baseline,44,1,1,1,,"The borrower has a stable income, a long credit history, and a reasonable debt-to-income ratio, indicating a low risk of default."
1,baseline,45,1,1,1,,"The borrower has a stable income, a long credit history, and a reasonable debt-to-income ratio, indicating a low risk of default."
1,baseline,46,1,1,1,,"The borrower has a high income, a long credit history, and a low debt-to-income ratio, indicating a low risk of default."
1,baseline,47,1,1,1,,"The borrower has a stable income, a long credit history, and a reasonable debt-to-income ratio, indicating a low risk of default."
1,baseline,48,1,1,1,,"The borrower has a high income, a long credit history, and a low debt-to-income ratio, indicating a low risk of default."
1,baseline,49,1,0,0,,"The borrower has a high interest rate, a high debt-to-income ratio, and a history of derogatory public records, indicating a high risk of default."
1,baseline,50,1,0,0,,"The borrower has a high interest rate, a history of derogatory public records, and a high debt-to-income ratio, indicating a high risk of default."
1,baseline,51,1,0,0,,"The borrower has a high interest rate, a high debt-to-income ratio, and a history of derogatory public records, indicating a high risk of default."
1,baseline,52,1,0,0,,"The borrower has a high interest rate, a high debt-to-income ratio, and a history of derogatory public records, indicating a high risk of default."
1,baseline,53,1,1,1,,"The borrower has a high income, a long credit history, and a low debt-to-income ratio, indicating a low risk of default."
1,baseline,54,1,0,0,,"The borrower has a high interest rate, a high debt-to-income ratio, and a history of derogatory public records, indicating a high risk of default."
1,baseline,55,1,0,0,,"The borrower has a high interest rate, a history of derogatory public records, and a high debt-to-income ratio, indicating a high risk of default."
1,baseline,56,1,0,0,,"The borrower has a high interest rate, a high debt-to-income ratio, and a history of derogatory public records, indicating a high risk of default."
1,baseline,57,1,0,0,,"The borrower has a high interest rate, a high debt-to-income ratio, and a history of derogatory public records, indicating a high risk of default."
1,baseline,58,1,1,1,,"The borrower has a high income, a long credit history, and a low debt-to-income ratio, indicating a low risk of default."
1,baseline,59,0,0,1,,"The borrower has a high interest rate, a high debt-to-income ratio, and a history of derogatory public records, indicating a high risk of default."
1,baseline,60,1,0,0,,"The borrower has a high interest rate, a history of derogatory public records, and a high debt-to-income ratio, indicating a high risk of default."
1,baseline,61,0,1,0,,"The borrower has a stable income, a long credit history, and a reasonable debt-to-income ratio, indicating a low risk of default."
1,baseline,62,1,1,1,,"The borrower has a high income, a long credit history, and a low debt-to-income ratio, indicating a low risk of default."
1,baseline,63,1,0,0,,"The borrower has a high interest rate, a high debt-to-income ratio, and a history of derogatory public records, indicating a high risk of default."
1,baseline,64,1,1,1,,"The borrower has a stable income, a long credit history, and a reasonable debt-to-income ratio, indicating a low risk of default."
1,baseline,65,1,1,1,,"The borrower has a high income, a long credit history, and a low debt-to-income ratio, indicating a low risk of default."
1,baseline,66,1,0,0,,"The borrower has a high interest rate, a history of derogatory public records, and a high debt-to-income ratio, indicating a high risk of default."
1,baseline,67,1,1,1,,"The borrower has a stable income, a long credit history, and a reasonable debt-to-income ratio, indicating a low risk of default."
1,baseline,68,1,0,0,,"The borrower has a high interest rate, a high debt-to-income ratio, and a history of derogatory public records, indicating a high risk of default."
1,baseline,69,0,0,1,,"The borrower has a high interest rate, a history of derogatory public records, and a high debt-to-income ratio, indicating a high risk of default."
1,baseline,70,1,1,1,,"The borrower has a stable income, a long credit history, and a reasonable debt-to-income ratio, indicating a low risk of default."
1,baseline,71,1,0,0,,"The borrower has a high interest rate, a high debt-to-income ratio, and a history of derogatory public records, indicating a high risk of default."
1,baseline,72,1,0,0,,"The borrower has a high interest rate, a history of derogatory public records, and a high debt-to-income ratio, indicating a high risk of default."
1,baseline,73,1,0,0,,"The borrower has a high interest rate, a high debt-to-income ratio, and a history of derogatory public records, indicating a high risk of default."
1,baseline,74,0,0,1,,"The borrower has a high interest rate, a high debt-to-income ratio, and a history of derogatory public records, indicating a high risk of default."
1,baseline,75,1,1,1,,"The borrower has a stable income, a long credit history, and a reasonable debt-to-income ratio, indicating a low risk of default."
1,baseline,76,1,1,1,,"The borrower has a high income, a long credit history, and a low debt-to-income ratio, indicating a low risk of default."
1,baseline,77,1,0,0,,"The borrower has a high interest rate, a high debt-to-income ratio, and a history of derogatory public records, indicating a high risk of default."
1,baseline,78,0,1,0,,"The borrower has a stable income, a long credit history, and a reasonable debt-to-income ratio, indicating a low risk of default."
1,baseline,79,1,1,1,,"The borrower has a high income, a long credit history, and a low debt-to-income ratio, indicating a low risk of default."
1,baseline,80,1,0,0,,"The borrower has a high interest rate, a high debt-to-income ratio, and a history of derogatory public records, indicating a high risk of default."
1,baseline,81,1,1,1,,"The borrower has a stable income, a long credit history, and a reasonable debt-to-income ratio, indicating a low risk of default."
1,baseline,82,1,1,1,,"The borrower has a high income, a long credit history, and a low debt-to-income ratio, indicating a low risk of default."
1,baseline,83,1,1,1,,"The borrower has a stable income, a long credit history, and a reasonable debt-to-income ratio, indicating a low risk of default."
1,baseline,84,1,1,1,,"The borrower has a high income, a long credit history, and a low debt-to-income ratio, indicating a low risk of default."
1,baseline,85,1,0,0,,"The borrower has a high interest rate, a high debt-to-income ratio, and a history of derogatory public records, indicating a high risk of default."
1,baseline,86,1,1,1,,"The borrower has a stable income, a long credit history, and a reasonable debt-to-income ratio, indicating a low risk of default."
1,baseline,87,1,1,1,,"The borrower has a high income, a long credit history, and a low debt-to-income ratio, indicating a low risk of default."
1,baseline,88,1,1,1,,"The borrower has a stable income, a long credit history, and a reasonable debt-to-income ratio, indicating a low risk of default."
1,baseline,89,0,1,0,,"The borrower has a high income, a long credit history, and a low debt-to-income ratio, indicating a low risk of default."
1,baseline,90,0,0,1,,"The borrower has a high interest rate, a high debt-to-income ratio, and a history of derogatory public records, indicating a high risk of default."
1,baseline,91,1,1,1,,"The borrower has a high income, a long credit history, and a low debt-to-income ratio, indicating a low risk of default."
1,baseline,92,0,1,0,,"The borrower has a stable income, a long credit history, and a reasonable debt-to-income ratio, indicating a low risk of default."
1,baseline,93,1,0,0,,"The borrower has a high interest rate, a high debt-to-income ratio, and a history of derogatory public records, indicating a high risk of default."
1,baseline,94,1,1,1,,"The borrower has a stable income, a long credit history, and a reasonable debt-to-income ratio, indicating a low risk of default."
1,baseline,95,1,0,0,,"The borrower has a high interest rate, a high debt-to-income ratio, and a history of derogatory public records, indicating a high risk of default."
1,baseline,96,1,1,1,,"The borrower has a high income, a long credit history, and a low debt-to-income ratio, indicating a low risk of default."
1,baseline,97,1,1,1,,"The borrower has a high income, a long credit history, and a low debt-to-income ratio, indicating a low risk of default."
1,baseline,98,0,0,1,,"The borrower has a high interest rate, a high debt-to-income ratio, and a history of derogatory public records, indicating a high risk of default."
1,baseline,99,1,0,0,,"The borrower has a high interest rate, a history of derogatory public records, and a high debt-to-income ratio, indicating a high risk of default."
1,conservative,0,1,1,1,,"The borrower has a stable income, a long credit history, and a reasonable debt-to-income ratio, indicating a low risk of default."
1,conservative,1,1,0,0,,"The borrower has a high debt-to-income ratio, a history of derogatory public records, and a high interest rate, indicating a high risk of default."
1,conservative,2,1,1,1,,"The borrower has a high income, a long credit history, and a low debt-to-income ratio, indicating a low risk of default."
1,conservative,3,1,1,1,,"The borrower has a high income, a long credit history, and a low debt-to-income ratio, indicating a low risk of default."
1,conservative,4,1,0,0,,"The borrower has a high debt-to-income ratio and a high revolving utilization rate, indicating a high risk of default."
1,conservative,5,1,1,1,,"The borrower has a stable income, a long credit history, and a reasonable debt-to-income ratio, indicating a low risk of default."
1,conservative,6,1,1,1,,"The borrower has a high income, a long credit history, and a low debt-to-income ratio, indicating a low risk of default."
1,conservative,7,1,0,0,,"The borrower has a high interest rate, a history of derogatory public records, and a high debt-to-income ratio, indicating a high risk of default."
1,conservative,8,1,0,0,,"The borrower has a high interest rate, a high debt-to-income ratio, and a high revolving utilization rate, indicating a high risk of default."
1,conservative,9,1,1,1,,"The borrower has a stable income, a long credit history, and a reasonable debt-to-income ratio, indicating a low risk of default."
1,conservative,10,1,0,0,,"The borrower has a high debt-to-income ratio and a high revolving utilization rate, indicating a high risk of default."
1,conservative,11,1,1,1,,"The borrower has a high income, a long credit history, and a reasonable debt-to-income ratio, indicating a low risk of default."
1,conservative,12,1,0,0,,"The borrower has a high debt-to-income ratio and a high revolving utilization rate, indicating a high risk of default."
1,conservative,13,1,1,1,,"The borrower has a stable income, a long credit history, and a low debt-to-income ratio, indicating a low risk of default."
1,conservative,14,0,1,0,,"The borrower has a stable income, a long credit history, and a reasonable debt-to-income ratio, indicating a low risk of default."
1,conservative,15,1,1,1,,"The borrower has a stable income, a long credit history, and a reasonable debt-to-income ratio, indicating a low risk of default."
1,conservative,16,1,0,0,,"The borrower has a high interest rate, a history of derogatory public records, and a high debt-to-income ratio, indicating a high risk of default."
1,conservative,17,1,0,0,,"The borrower has a high debt-to-income ratio and a high revolving utilization rate, indicating a high risk of default."
1,conservative,18,1,1,1,,"The borrower has a stable income, a long credit history, and a reasonable debt-to-income ratio, indicating a low risk of default."
1,conservative,19,1,0,0,,"The borrower has a high debt-to-income ratio and a high revolving utilization rate, indicating a high risk of default."
1,conservative,20,1,0,0,,"The borrower has a high interest rate, a high debt-to-income ratio, and a high revolving utilization rate, indicating a high risk of default."
1,conservative,21,0,0,1,,"The borrower has a high debt-to-income ratio and a high revolving utilization rate, indicating a high risk of default."
1,conservative,22,1,0,0,,"The borrower has a high interest rate, a history of derogatory public records, and a high debt-to-income ratio, indicating a high risk of default."
1,conservative,23,1,0,0,,"The borrower has a high interest rate, a high debt-to-income ratio, and a high revolving utilization rate, indicating a high risk of default."
1,conservative,24,1,1,1,,"The borrower has a stable income, a long credit history, and a reasonable debt-to-income ratio, indicating a low risk of default."
1,conservative,25,1,0,0,,"The borrower has a high interest rate and a high debt-to-income ratio, indicating a high risk of default."
1,conservative,26,1,0,0,,"The borrower has a high interest rate, a high debt-to-income ratio, and a high revolving utilization rate, indicating a high risk of default."
1,conservative,27,0,0,1,,"The borrower has a high interest rate, a history of derogatory public records, and a high debt-to-income ratio, indicating a high risk of default."
1,conservative,28,1,1,1,,"The borrower has a stable income, a long credit history, and a reasonable debt-to-income ratio, indicating a low risk of default."
1,conservative,29,1,0,0,,"The borrower has a high interest rate, a high debt-to-income ratio, and a high revolving utilization rate, indicating a high risk of default."
1,conservative,30,1,1,1,,"The borrower has a stable income, a long credit history, and a reasonable debt-to-income ratio, indicating a low risk of default."
1,conservative,31,1,1,1,,"The borrower has a stable income, a long credit history, and a reasonable debt-to-income ratio, indicating a low risk of default."
1,conservative,32,0,0,1,,"The borrower has a high interest rate, a high debt-to-income ratio, and a high revolving utilization rate, indicating a high risk of default."
1,conservative,33,1,1,1,,"The borrower has a stable income, a long credit history, and a reasonable debt-to-income ratio, indicating a low risk of default."
1,conservative,34,0,0,1,,"The borrower has a high debt-to-income ratio and a high revolving utilization rate, indicating a high risk of default."
1,conservative,35,1,0,0,,"The borrower has a high interest rate, a high debt-to-income ratio, and a high revolving utilization rate, indicating a high risk of default."
1,conservative,36,1,0,0,,"The borrower has a history of derogatory public records and a high debt-to-income ratio, indicating a high risk of default."
1,conservative,37,1,1,1,,"The borrower has a high income, a long credit history, and a reasonable debt-to-income ratio, indicating a low risk of default."
1,conservative,38,1,1,1,,"The borrower has a stable income, a long credit history, and a reasonable debt-to-income ratio, indicating a low risk of default."
1,conservative,39,1,0,0,,"The borrower has a high debt-to-income ratio and a high revolving utilization rate, indicating a high risk of default."
1,conservative,40,1,1,1,,"The borrower has a stable income, a long credit history, and a reasonable debt-to-income ratio, indicating a low risk of default."
1,conservative,41,1,0,0,,"The borrower has a high debt-to-income ratio and a high revolving utilization rate, indicating a high risk of default."
1,conservative,42,1,0,0,,"The borrower has a high interest rate, a high debt-to-income ratio, and a high revolving utilization rate, indicating a high risk of default."
1,conservative,43,0,0,1,,"The borrower has a history of derogatory public records and a high debt-to-income ratio, indicating a high risk of default."
1,conservative,44,1,1,1,,"The borrower has a stable income, a long credit history, and a reasonable debt-to-income ratio, indicating a low risk of default."
1,conservative,45,1,1,1,,"The borrower has a stable income, a long credit history, and a reasonable debt-to-income ratio, indicating a low risk of default."
1,conservative,46,1,1,1,,"The borrower has a stable income, a long credit history, and a reasonable debt-to-income ratio, indicating a low risk of default."
1,conservative,47,1,1,1,,"The borrower has a stable income, a long credit history, and a reasonable debt-to-income ratio, indicating a low risk of default."
1,conservative,48,1,1,1,,"The borrower has a stable income, a long credit history, and a reasonable debt-to-income ratio, indicating a low risk of default."
1,conservative,49,1,0,0,,"The borrower has a high debt-to-income ratio and a high revolving utilization rate, indicating a high risk of default."
1,conservative,50,1,0,0,,"The borrower has a high interest rate and a high debt-to-income ratio, indicating a high risk of default."
1,conservative,51,1,0,0,,"The borrower has a high interest rate, a high debt-to-income ratio, and a high revolving utilization rate, indicating a high risk of default."
1,conservative,52,1,0,0,,"The borrower has a high interest rate, a high debt-to-income ratio, and a high revolving utilization rate, indicating a high risk of default."
1,conservative,53,1,1,1,,"The borrower has a high income, a long credit history, and a reasonable debt-to-income ratio, indicating a low risk of default."
1,conservative,54,1,0,0,,"The borrower has a high interest rate, a high debt-to-income ratio, and a high revolving utilization rate, indicating a high risk of default."
1,conservative,55,1,0,0,,"The borrower has a high interest rate, a history of derogatory public records, and a high debt-to-income ratio, indicating a high risk of default."
1,conservative,56,1,0,0,,"The borrower has a high debt-to-income ratio and a high revolving utilization rate, indicating a high risk of default."
1,conservative,57,1,0,0,,"The borrower has a high debt-to-income ratio and a high revolving utilization rate, indicating a high risk of default."
1,conservative,58,1,1,1,,"The borrower has a high income, a long credit history, and a low debt-to-income ratio, indicating a low risk of default."
1,conservative,59,0,0,1,,"The borrower has a high interest rate, a high debt-to-income ratio, and a high revolving utilization rate, indicating a high risk of default."
1,conservative,60,1,0,0,,"The borrower has a high interest rate, a high debt-to-income ratio, and a high revolving utilization rate, indicating a high risk of default."
1,conservative,61,0,1,0,,"The borrower has a stable income, a long credit history, and a reasonable debt-to-income ratio, indicating a low risk of default."
1,conservative,62,1,1,1,,"The borrower has a stable income, a long credit history, and a reasonable debt-to-income ratio, indicating a low risk of default."
1,conservative,63,1,0,0,,"The borrower has a high debt-to-income ratio and a high revolving utilization rate, indicating a high risk of default."
1,conservative,64,1,1,1,,"The borrower has a stable income, a long credit history, and a reasonable debt-to-income ratio, indicating a low risk of default."
1,conservative,65,1,0,0,,"The borrower has a high debt-to-income ratio and a high revolving utilization rate, indicating a high risk of default."
1,conservative,66,1,1,1,,"The borrower has a stable income, a long credit history, and a reasonable debt-to-income ratio, indicating a low risk of default."
1,conservative,67,1,1,1,,"The borrower has a stable income, a long credit history, and a reasonable debt-to-income ratio, indicating a low risk of default."
1,conservative,68,1,0,0,,"The borrower has a high interest rate, a high debt-to-income ratio, and a high revolving utilization rate, indicating a high risk of default."
1,conservative,69,0,0,1,,"The borrower has a high interest rate, a history of derogatory public records, and a high debt-to-income ratio, indicating a high risk of default."
1,conservative,70,1,1,1,,"The borrower has a stable income, a long credit history, and a reasonable debt-to-income ratio, indicating a low risk of default."
1,conservative,71,1,0,0,,"The borrower has a high interest rate, a high debt-to-income ratio, and a high revolving utilization rate, indicating a high risk of default."
1,conservative,72,1,0,0,,"The borrower has a high interest rate, a history of derogatory public records, and a high debt-to-income ratio, indicating a high risk of default."
1,conservative,73,1,0,0,,"The borrower has a high interest rate, a high debt-to-income ratio, and a high revolving utilization rate, indicating a high risk of default."
1,conservative,74,0,0,1,,"The borrower has a high debt-to-income ratio and a high revolving utilization rate, indicating a high risk of default."
1,conservative,75,1,1,1,,"The borrower has a stable income, a long credit history, and a reasonable debt-to-income ratio, indicating a low risk of default."
1,conservative,76,1,1,1,,"The borrower has a stable income, a long credit history, and a reasonable debt-to-income ratio, indicating a low risk of default."
1,conservative,77,1,0,0,,"The borrower has a high debt-to-income ratio and a high revolving utilization rate, indicating a high risk of default."
1,conservative,78,0,1,0,,"The borrower has a stable income, a long credit history, and a reasonable debt-to-income ratio, indicating a low risk of default."
1,conservative,79,1,1,1,,"The borrower has a high income, a long credit history, and a low debt-to-income ratio, indicating a low risk of default."
1,conservative,80,1,0,0,,"The borrower has a high interest rate, a high debt-to-income ratio, and a high revolving utilization rate, indicating a high risk of default."
1,conservative,81,1,1,1,,"The borrower has a stable income, a long credit history, and a reasonable debt-to-income ratio, indicating a low risk of default."
1,conservative,82,1,0,0,,"The borrower has a history of derogatory public records and a high debt-to-income ratio, indicating a high risk of default."
1,conservative,83,1,1,1,,"The borrower has a stable income, a long credit history, and a reasonable debt-to-income ratio, indicating a low risk of default."
1,conservative,84,1,0,0,,"The borrower has a high interest rate, a high debt-to-income ratio, and a high revolving utilization rate, indicating a high risk of default."
1,conservative,85,1,0,0,,"The borrower has a high debt-to-income ratio and a high revolving utilization rate, indicating a high risk of default."
1,conservative,86,1,1,1,,"The borrower has a stable income, a long credit history, and a reasonable debt-to-income ratio, indicating a low risk of default."
1,conservative,87,1,1,1,,"The borrower has a stable income, a long credit history, and a reasonable debt-to-income ratio, indicating a low risk of default."
1,conservative,88,1,1,1,,"The borrower has a stable income, a long credit history, and a reasonable debt-to-income ratio, indicating a low risk of default."
1,conservative,89,0,1,0,,"The borrower has a stable income, a long credit history, and a reasonable debt-to-income ratio, indicating a low risk of default."
1,conservative,90,0,0,1,,"The borrower has a high debt-to-income ratio and a high revolving utilization rate, indicating a high risk of default."
1,conservative,91,1,1,1,,"The borrower has a high income, a long credit history, and a low debt-to-income ratio, indicating a low risk of default."
1,conservative,92,0,0,1,,"The borrower has a high debt-to-income ratio and a high revolving utilization rate, indicating a high risk of default."
1,conservative,93,1,0,0,,"The borrower has a high debt-to-income ratio and a high revolving utilization rate, indicating a high risk of default."
1,conservative,94,1,0,0,,"The borrower has a high debt-to-income ratio and a high revolving utilization rate, indicating a high risk of default."
1,conservative,95,1,0,0,,"The borrower has a high debt-to-income ratio and a high revolving utilization rate, indicating a high risk of default."
1,conservative,96,1,1,1,,"The borrower has a high income, a long credit history, and a reasonable debt-to-income ratio, indicating a low risk of default."
1,conservative,97,1,1,1,,"The borrower has a high income, a long credit history, and a low debt-to-income ratio, indicating a low risk of default."
1,conservative,98,0,0,1,,"The borrower has a high interest rate, a history of derogatory public records, and a high debt-to-income ratio, indicating a high risk of default."
1,conservative,99,1,0,0,,"The borrower has a high debt-to-income ratio and a high revolving utilization rate, indicating a high risk of default."
1,chain_of_thought,0,1,1,1,,"The borrower has a stable income, a long credit history, and a reasonable debt-to-income ratio, indicating a low risk of default."
1,chain_of_thought,1,1,0,0,,The presence of a public record bankruptcy and a high debt-to-income ratio suggest a higher risk of default.
1,chain_of_thought,2,1,1,1,,"The borrower has a high income, a long credit history, and a low debt-to-income ratio, indicating a low risk of default."
1,chain_of_thought,3,1,1,1,,"The borrower has a high income, a long credit history, and a reasonable debt-to-income ratio, indicating a low risk of default."
1,chain_of_thought,4,1,1,1,,"The borrower has a high income, a long credit history, and a reasonable debt-to-income ratio, indicating a low risk of default."
1,chain_of_thought,5,1,1,1,,"The borrower has a stable income, a long credit history, and a reasonable debt-to-income ratio, indicating a low risk of default."
1,chain_of_thought,6,1,1,1,,"The borrower has a stable income, a long credit history, and a low debt-to-income ratio, indicating a low risk of default."
1,chain_of_thought,7,1,0,0,,The presence of a public record bankruptcy and a high debt-to-income ratio suggest a higher risk of default.
1,chain_of_thought,8,1,0,0,,"The borrower has a high debt-to-income ratio and a high interest rate, indicating a higher risk of default."
1,chain_of_thought,9,1,1,1,,"The borrower has a stable income, a long credit history, and a reasonable debt-to-income ratio, indicating a low risk of default."
1,chain_of_thought,10,1,1,1,,"The borrower has a stable income, a long credit history, and a reasonable debt-to-income ratio, indicating a low risk of default."
1,chain_of_thought,11,1,1,1,,"The borrower has a high income, a long credit history, and a reasonable debt-to-income ratio, indicating a low risk of default."
1,chain_of_thought,12,1,0,0,,"The borrower has a high debt-to-income ratio and a high interest rate, indicating a higher risk of default."
1,chain_of_thought,13,1,1,1,,"The borrower has a stable income, a long credit history, and a low debt-to-income ratio, indicating a low risk of default."
1,chain_of_thought,14,0,1,0,,"The borrower has a stable income, a long credit history, and a reasonable debt-to-income ratio, indicating a low risk of default."
1,chain_of_thought,15,1,1,1,,"The borrower has a stable income, a long credit history, and a low debt-to-income ratio, indicating a low risk of default."
1,chain_of_thought,16,1,0,0,,The presence of derogatory public records and a high debt-to-income ratio suggest a higher risk of default.
1,chain_of_thought,17,1,0,0,,"The borrower has a high debt-to-income ratio and a high interest rate, indicating a higher risk of default."
1,chain_of_thought,18,1,1,1,,"The borrower has a stable income, a long credit history, and a reasonable debt-to-income ratio, indicating a low risk of default."
1,chain_of_thought,19,1,1,1,,"The borrower has a stable income, a long credit history, and a reasonable debt-to-income ratio, indicating a low risk of default."
1,chain_of_thought,20,1,0,0,,"The borrower has a high debt-to-income ratio and a high interest rate, indicating a higher risk of default."
1,chain_of_thought,21,0,0,1,,"The borrower has a high debt-to-income ratio and a high interest rate, indicating a higher risk of default."
1,chain_of_thought,22,1,0,0,,The presence of a public record bankruptcy and a high debt-to-income ratio suggest a higher risk of default.
1,chain_of_thought,23,1,0,0,,"The borrower has a high debt-to-income ratio and a high interest rate, indicating a higher risk of default."
1,chain_of_thought,24,1,1,1,,"The borrower has a stable income, a long credit history, and a reasonable debt-to-income ratio, indicating a low risk of default."
1,chain_of_thought,25,1,0,0,,"The borrower has a high debt-to-income ratio and a high interest rate, indicating a higher risk of default."
1,chain_of_thought,26,1,0,0,,"The borrower has a high debt-to-income ratio and a high interest rate, indicating a higher risk of default."
1,chain_of_thought,27,0,0,1,,"The borrower has a high debt-to-income ratio and a high interest rate, indicating a higher risk of default."
1,chain_of_thought,28,1,1,1,,"The borrower has a stable income, a long credit history, and a reasonable debt-to-income ratio, indicating a low risk of default."
1,chain_of_thought,29,1,0,0,,"The borrower has a high debt-to-income ratio and a high interest rate, indicating a higher risk of default."
1,chain_of_thought,30,1,1,1,,"The borrower has a stable income, a long credit history, and a reasonable debt-to-income ratio, indicating a low risk of default."
1,chain_of_thought,31,1,1,1,,"The borrower has a stable income, a long credit history, and a low debt-to-income ratio, indicating a low risk of default."
1,chain_of_thought,32,0,0,1,,"The borrower has a high debt-to-income ratio and a high interest rate, indicating a higher risk of default."
1,chain_of_thought,33,1,1,1,,"The borrower has a stable income, a long credit history, and a reasonable debt-to-income ratio, indicating a low risk of default."
1,chain_of_thought,34,0,0,1,,"The borrower has a high debt-to-income ratio and a high interest rate, indicating a higher risk of default."
1,chain_of_thought,35,1,0,0,,"The borrower has a high debt-to-income ratio and a high interest rate, indicating a higher risk of default."
1,chain_of_thought,36,1,1,1,,"The borrower has a stable income, a long credit history, and a reasonable debt-to-income ratio, indicating a low risk of default."
1,chain_of_thought,37,1,1,1,,"The borrower has a high income, a long credit history, and a reasonable debt-to-income ratio, indicating a low risk of default."
1,chain_of_thought,38,1,1,1,,"The borrower has a stable income, a long credit history, and a reasonable debt-to-income ratio, indicating a low risk of default."
1,chain_of_thought,39,1,0,0,,"The borrower has a high debt-to-income ratio and a high interest rate, indicating a higher risk of default."
1,chain_of_thought,40,1,1,1,,"The borrower has a stable income, a long credit history, and a reasonable debt-to-income ratio, indicating a low risk of default."
1,chain_of_thought,41,1,1,1,,"The borrower has a high income, a long credit history, and a reasonable debt-to-income ratio, indicating a low risk of default."
1,chain_of_thought,42,1,1,1,,"The borrower has a stable income, a long credit history, and a reasonable debt-to-income ratio, indicating a low risk of default."
1,chain_of_thought,43,0,0,1,,The presence of a public record bankruptcy and a high debt-to-income ratio suggest a higher risk of default.
1,chain_of_thought,44,1,1,1,,"The borrower has a stable income, a long credit history, and a reasonable debt-to-income ratio, indicating a low risk of default."
1,chain_of_thought,45,1,1,1,,"The borrower has a stable income, a long credit history, and a reasonable debt-to-income ratio, indicating a low risk of default."
1,chain_of_thought,46,1,1,1,,"The borrower has a stable income, a long credit history, and a reasonable debt-to-income ratio, indicating a low risk of default."
1,chain_of_thought,47,1,1,1,,"The borrower has a stable income, a long credit history, and a reasonable debt-to-income ratio, indicating a low risk of default."
1,chain_of_thought,48,1,1,1,,"The borrower has a stable income, a long credit history, and a reasonable debt-to-income ratio, indicating a low risk of default."
1,chain_of_thought,49,1,1,1,,"The borrower has a stable income, a long credit history, and a reasonable debt-to-income ratio, indicating a low risk of default."
1,chain_of_thought,50,1,0,0,,"The borrower has a high debt-to-income ratio and a high interest rate, indicating a higher risk of default."
1,chain_of_thought,51,1,0,0,,"The borrower has a high debt-to-income ratio and a high interest rate, indicating a higher risk of default."
1,chain_of_thought,52,1,0,0,,"The borrower has a high debt-to-income ratio and a high interest rate, indicating a higher risk of default."
1,chain_of_thought,53,1,1,1,,"The borrower has a high income, a long credit history, and a reasonable debt-to-income ratio, indicating a low risk of default."
1,chain_of_thought,54,1,0,0,,"The borrower has a high debt-to-income ratio and a high interest rate, indicating a higher risk of default."
1,chain_of_thought,55,1,0,0,,The presence of a public record bankruptcy and a high debt-to-income ratio suggest a higher risk of default.
1,chain_of_thought,56,1,0,0,,"The borrower has a high debt-to-income ratio and a high interest rate, indicating a higher risk of default."
1,chain_of_thought,57,1,0,0,,"The borrower has a high debt-to-income ratio and a high interest rate, indicating a higher risk of default."
1,chain_of_thought,58,1,1,1,,"The borrower has a high income, a long credit history, and a low debt-to-income ratio, indicating a low risk of default."
1,chain_of_thought,59,0,0,1,,"The borrower has a high debt-to-income ratio and a high interest rate, indicating a higher risk of default."
1,chain_of_thought,60,1,0,0,,"The borrower has a high debt-to-income ratio and a high interest rate, indicating a higher risk of default."
1,chain_of_thought,61,0,1,0,,"The borrower has a stable income, a long credit history, and a reasonable debt-to-income ratio, indicating a low risk of default."
1,chain_of_thought,62,1,1,1,,"The borrower has a stable income, a long credit history, and a reasonable debt-to-income ratio, indicating a low risk of default."
1,chain_of_thought,63,1,0,0,,"The borrower has a high debt-to-income ratio and a high interest rate, indicating a higher risk of default."
1,chain_of_thought,64,1,1,1,,"The borrower has a stable income, a long credit history, and a reasonable debt-to-income ratio, indicating a low risk of default."
1,chain_of_thought,65,1,1,1,,"The borrower has a stable income, a long credit history, and a reasonable debt-to-income ratio, indicating a low risk of default."
1,chain_of_thought,66,1,1,1,,"The borrower has a stable income, a long credit history, and a reasonable debt-to-income ratio, indicating a low risk of default."
1,chain_of_thought,67,1,1,1,,"The borrower has a stable income, a long credit history, and a low debt-to-income ratio, indicating a low risk of default."
1,chain_of_thought,68,1,0,0,,"The borrower has a high debt-to-income ratio and a high interest rate, indicating a higher risk of default."
1,chain_of_thought,69,0,0,1,,The presence of a public record bankruptcy and a high debt-to-income ratio suggest a higher risk of default.
1,chain_of_thought,70,1,1,1,,"The borrower has a stable income, a long credit history, and a reasonable debt-to-income ratio, indicating a low risk of default."
1,chain_of_thought,71,1,0,0,,"The borrower has a high debt-to-income ratio and a high interest rate, indicating a higher risk of default."
1,chain_of_thought,72,1,0,0,,The presence of a public record bankruptcy and a high debt-to-income ratio suggest a higher risk of default.
1,chain_of_thought,73,1,0,0,,"The borrower has a high debt-to-income ratio and a high interest rate, indicating a higher risk of default."
1,chain_of_thought,74,0,0,1,,"The borrower has a high debt-to-income ratio and a high interest rate, indicating a higher risk of default."
1,chain_of_thought,75,1,1,1,,"The borrower has a stable income, a long credit history, and a reasonable debt-to-income ratio, indicating a low risk of default."
1,chain_of_thought,76,1,1,1,,"The borrower has a stable income, a long credit history, and a reasonable debt-to-income ratio, indicating a low risk of default."
1,chain_of_thought,77,1,1,1,,"The borrower has a stable income, a long credit history, and a reasonable debt-to-income ratio, indicating a low risk of default."
1,chain_of_thought,78,0,1,0,,"The borrower has a stable income, a long credit history, and a reasonable debt-to-income ratio, indicating a low risk of default."
1,chain_of_thought,79,1,1,1,,"The borrower has a high income, a long credit history, and a low debt-to-income ratio, indicating a low risk of default."
1,chain_of_thought,80,1,0,0,,"The borrower has a high debt-to-income ratio and a high interest rate, indicating a higher risk of default."
1,chain_of_thought,81,1,1,1,,"The borrower has a stable income, a long credit history, and a reasonable debt-to-income ratio, indicating a low risk of default."
1,chain_of_thought,82,1,1,1,,"The borrower has a stable income, a long credit history, and a reasonable debt-to-income ratio, indicating a low risk of default."
1,chain_of_thought,83,1,1,1,,"The borrower has a stable income, a long credit history, and a reasonable debt-to-income ratio, indicating a low risk of default."
1,chain_of_thought,84,1,1,1,,"The borrower has a stable income, a long credit history, and a reasonable debt-to-income ratio, indicating a low risk of default."
1,chain_of_thought,85,1,0,0,,"The borrower has a high debt-to-income ratio and a high interest rate, indicating a higher risk of default."
1,chain_of_thought,86,1,1,1,,"The borrower has a high income, a long credit history, and a reasonable debt-to-income ratio, indicating a low risk of default."
1,chain_of_thought,87,1,1,1,,"The borrower has a stable income, a long credit history, and a reasonable debt-to-income ratio, indicating a low risk of default."
1,chain_of_thought,88,1,1,1,,"The borrower has a stable income, a long credit history, and a low debt-to-income ratio, indicating a low risk of default."
1,chain_of_thought,89,0,1,0,,"The borrower has a stable income, a long credit history, and a reasonable debt-to-income ratio, indicating a low risk of default."
1,chain_of_thought,90,0,1,0,,"The borrower has a stable income, a long credit history, and a reasonable debt-to-income ratio, indicating a low risk of default."
1,chain_of_thought,91,1,1,1,,"The borrower has a high income, a long credit history, and a low debt-to-income ratio, indicating a low risk of default."
1,chain_of_thought,92,0,1,0,,"The borrower has a stable income, a long credit history, and a reasonable debt-to-income ratio, indicating a low risk of default."
1,chain_of_thought,93,1,0,0,,"The borrower has a high debt-to-income ratio and a high interest rate, indicating a higher risk of default."
1,chain_of_thought,94,1,1,1,,"The borrower has a stable income, a long credit history, and a reasonable debt-to-income ratio, indicating a low risk of default."
1,chain_of_thought,95,1,0,0,,"The borrower has a high debt-to-income ratio and a high interest rate, indicating a higher risk of default."
1,chain_of_thought,96,1,1,1,,"The borrower has a high income, a long credit history, and a reasonable debt-to-income ratio, indicating a low risk of default."
1,chain_of_thought,97,1,1,1,,"The borrower has a high income, a long credit history, and a low debt-to-income ratio, indicating a low risk of default."
1,chain_of_thought,98,0,0,1,,The presence of a public record bankruptcy and a high debt-to-income ratio suggest a higher risk of default.
1,chain_of_thought,99,1,0,0,,"The borrower has a high debt-to-income ratio and a high interest rate, indicating a higher risk of default."
1,top_features_only,0,1,1,1,,"The borrower has a moderate debt-to-income ratio and a relatively low revolving utilization rate, indicating manageable debt obligations."
1,top_features_only,1,1,1,1,,"The borrower has a low debt-to-income ratio and a moderate revolving utilization rate, suggesting a good balance between income and debt."
1,top_features_only,2,1,1,1,,"The borrower has a low debt-to-income ratio and a high income, indicating a strong ability to repay the loan."
1,top_features_only,3,1,1,1,,"The borrower has a low interest rate and a high income, suggesting a low risk of default."
1,top_features_only,4,1,0,0,,"The borrower has a high debt-to-income ratio and a high revolving utilization rate, indicating a high risk of default."
1,top_features_only,5,1,1,1,,"The borrower has a moderate debt-to-income ratio and a low revolving utilization rate, suggesting a manageable debt burden."
1,top_features_only,6,1,1,1,,"The borrower has a low interest rate and a low debt-to-income ratio, indicating a low risk of default."
1,top_features_only,7,1,0,0,,"The borrower has a high interest rate and a high revolving utilization rate, suggesting a high risk of default."
1,top_features_only,8,1,0,0,,"The borrower has a very high interest rate and a high debt-to-income ratio, indicating a very high risk of default."
1,top_features_only,9,1,1,1,,"The borrower has a moderate debt-to-income ratio and a high income, suggesting a manageable debt burden."
1,top_features_only,10,1,0,0,,"The borrower has a high interest rate and a high revolving utilization rate, indicating a high risk of default."
1,top_features_only,11,1,1,1,,"The borrower has a moderate debt-to-income ratio and a high income, suggesting a manageable debt burden."
1,top_features_only,12,1,0,0,,"The borrower has a high interest rate and a high debt-to-income ratio, indicating a high risk of default."
1,top_features_only,13,1,1,1,,"The borrower has a low interest rate and a low debt-to-income ratio, indicating a low risk of default."
1,top_features_only,14,0,1,0,,"The borrower has a moderate debt-to-income ratio and a high income, suggesting a manageable debt burden."
1,top_features_only,15,1,1,1,,"The borrower has a low interest rate and a low debt-to-income ratio, indicating a low risk of default."
1,top_features_only,16,1,1,1,,"The borrower has a moderate debt-to-income ratio and a high income, suggesting a manageable debt burden."
1,top_features_only,17,1,0,0,,"The borrower has a high interest rate and a high debt-to-income ratio, indicating a high risk of default."
1,top_features_only,18,1,0,0,,"The borrower has a high debt-to-income ratio and a high revolving utilization rate, indicating a high risk of default."
1,top_features_only,19,1,0,0,,"The borrower has a high debt-to-income ratio and a high interest rate, suggesting a high risk of default."
1,top_features_only,20,1,0,0,,"The borrower has a very high interest rate and a high debt-to-income ratio, indicating a very high risk of default."
1,top_features_only,21,0,0,1,,"The borrower has a high debt-to-income ratio and a high revolving utilization rate, indicating a high risk of default."
1,top_features_only,22,1,1,1,,"The borrower has a moderate debt-to-income ratio and a high income, suggesting a manageable debt burden."
1,top_features_only,23,1,0,0,,"The borrower has a very high interest rate and a high debt-to-income ratio, indicating a very high risk of default."
1,top_features_only,24,1,1,1,,"The borrower has a moderate debt-to-income ratio and a high income, suggesting a manageable debt burden."
1,top_features_only,25,1,0,0,,"The borrower has a very high interest rate and a high debt-to-income ratio, indicating a very high risk of default."
1,top_features_only,26,1,0,0,,"The borrower has a high interest rate and a high debt-to-income ratio, indicating a high risk of default."
1,top_features_only,27,0,0,1,,"The borrower has a high interest rate and a high revolving utilization rate, suggesting a high risk of default."
1,top_features_only,28,1,1,1,,"The borrower has a moderate debt-to-income ratio and a high income, suggesting a manageable debt burden."
1,top_features_only,29,1,0,0,,"The borrower has a very high interest rate and a high debt-to-income ratio, indicating a very high risk of default."
1,top_features_only,30,1,1,1,,"The borrower has a moderate debt-to-income ratio and a low interest rate, suggesting a manageable debt burden."
1,top_features_only,31,1,1,1,,"The borrower has a low debt-to-income ratio and a high income, indicating a strong ability to repay the loan."
1,top_features_only,32,0,0,1,,"The borrower has a very high interest rate and a high debt-to-income ratio, indicating a very high risk of default."
1,top_features_only,33,1,1,1,,"The borrower has a moderate debt-to-income ratio and a low interest rate, suggesting a manageable debt burden."
1,top_features_only,34,0,0,1,,"The borrower has a high debt-to-income ratio and a high revolving utilization rate, indicating a high risk of default."
1,top_features_only,35,1,0,0,,"The borrower has a high interest rate and a high debt-to-income ratio, indicating a high risk of default."
1,top_features_only,36,1,1,1,,"The borrower has a low debt-to-income ratio and a high income, indicating a strong ability to repay the loan."
1,top_features_only,37,1,1,1,,"The borrower has a high income and a low debt-to-income ratio, suggesting a manageable debt burden."
1,top_features_only,38,1,1,1,,"The borrower has a moderate debt-to-income ratio and a high income, suggesting a manageable debt burden."
1,top_features_only,39,1,0,0,,"The borrower has a high interest rate and a high debt-to-income ratio, indicating a high risk of default."
1,top_features_only,40,1,1,1,,"The borrower has a moderate debt-to-income ratio and a high income, suggesting a manageable debt burden."
1,top_features_only,41,1,0,0,,"The borrower has a high debt-to-income ratio and a high revolving utilization rate, indicating a high risk of default."
1,top_features_only,42,1,1,1,,"The borrower has a moderate debt-to-income ratio and a high income, suggesting a manageable debt burden."
1,top_features_only,43,0,0,1,,"The borrower has a high debt-to-income ratio and a high revolving utilization rate, indicating a high risk of default."
1,top_features_only,44,1,1,1,,"The borrower has a moderate debt-to-income ratio and a high income, suggesting a manageable debt burden."
1,top_features_only,45,1,1,1,,"The borrower has a low debt-to-income ratio and a high income, indicating a strong ability to repay the loan."
1,top_features_only,46,1,1,1,,"The borrower has a moderate debt-to-income ratio and a high income, suggesting a manageable debt burden."
1,top_features_only,47,1,1,1,,"The borrower has a moderate debt-to-income ratio and a high income, suggesting a manageable debt burden."
1,top_features_only,48,1,1,1,,"The borrower has a moderate debt-to-income ratio and a high income, suggesting a manageable debt burden."
1,top_features_only,49,1,0,0,,"The borrower has a high debt-to-income ratio and a high revolving utilization rate, indicating a high risk of default."
1,top_features_only,50,1,0,0,,"The borrower has a high interest rate and a high debt-to-income ratio, indicating a high risk of default."
1,top_features_only,51,1,0,0,,"The borrower has a high interest rate and a high debt-to-income ratio, indicating a high risk of default."
1,top_features_only,52,1,0,0,,"The borrower has a high interest rate and a high debt-to-income ratio, indicating a high risk of default."
1,top_features_only,53,1,1,1,,"The borrower has a moderate debt-to-income ratio and a high income, suggesting a manageable debt burden."
1,top_features_only,54,1,0,0,,"The borrower has a very high interest rate and a high debt-to-income ratio, indicating a very high risk of default."
1,top_features_only,55,1,0,0,,"The borrower has a very high interest rate and a high debt-to-income ratio, indicating a very high risk of default."
1,top_features_only,56,1,0,0,,"The borrower has a high interest rate and a high debt-to-income ratio, indicating a high risk of default."
1,top_features_only,57,1,0,0,,"The borrower has a high interest rate and a high debt-to-income ratio, indicating a high risk of default."
1,top_features_only,58,1,1,1,,"The borrower has a low interest rate and a very high income, indicating a low risk of default."
1,top_features_only,59,0,0,1,,"The borrower has a very high interest rate and a high debt-to-income ratio, indicating a very high risk of default."
1,top_features_only,60,1,0,0,,"The borrower has a very high interest rate and a high debt-to-income ratio, indicating a very high risk of default."
1,top_features_only,61,0,0,1,,"The borrower has a high debt-to-income ratio and a high revolving utilization rate, indicating a high risk of default."
1,top_features_only,62,1,1,1,,"The borrower has a moderate debt-to-income ratio and a high income, suggesting a manageable debt burden."
1,top_features_only,63,1,0,0,,"The borrower has a high debt-to-income ratio and a high revolving utilization rate, indicating a high risk of default."
1,top_features_only,64,1,1,1,,"The borrower has a high income and a moderate debt-to-income ratio, suggesting a manageable debt burden."
1,top_features_only,65,1,1,1,,"The borrower has a moderate debt-to-income ratio and a high income, suggesting a manageable debt burden."
1,top_features_only,66,1,0,0,,"The borrower has a high debt-to-income ratio and a high revolving utilization rate, indicating a high risk of default."
1,top_features_only,67,1,1,1,,"The borrower has a low debt-to-income ratio and a high income, indicating a strong ability to repay the loan."
1,top_features_only,68,1,0,0,,"The borrower has a high interest rate and a high debt-to-income ratio, indicating a high risk of default."
1,top_features_only,69,0,0,1,,"The borrower has a very high interest rate and a high debt-to-income ratio, indicating a very high risk of default."
1,top_features_only,70,1,1,1,,"The borrower has a low debt-to-income ratio and a high income, indicating a strong ability to repay the loan."
1,top_features_only,71,1,0,0,,"The borrower has a very high interest rate and a high debt-to-income ratio, indicating a very high risk of default."
1,top_features_only,72,1,1,1,,"The borrower has a moderate debt-to-income ratio and a high income, suggesting a manageable debt burden."
1,top_features_only,73,1,0,0,,"The borrower has a very high interest rate and a high debt-to-income ratio, indicating a very high risk of default."
1,top_features_only,74,0,0,1,,"The borrower has a high interest rate and a high debt-to-income ratio, indicating a high risk of default."
1,top_features_only,75,1,1,1,,"The borrower has a moderate debt-to-income ratio and a high income, suggesting a manageable debt burden."
1,top_features_only,76,1,1,1,,"The borrower has a low debt-to-income ratio and a high income, indicating a strong ability to repay the loan."
1,top_features_only,77,1,1,1,,"The borrower has a moderate debt-to-income ratio and a high income, suggesting a manageable debt burden."
1,top_features_only,78,0,1,0,,"The borrower has a moderate debt-to-income ratio and a high income, suggesting a manageable debt burden."
1,top_features_only,79,1,1,1,,"The borrower has a low debt-to-income ratio and a very high income, indicating a low risk of default."
1,top_features_only,80,1,0,0,,"The borrower has a very high interest rate and a high debt-to-income ratio, indicating a very high risk of default."
1,top_features_only,81,1,1,1,,"The borrower has a moderate debt-to-income ratio and a high income, suggesting a manageable debt burden."
1,top_features_only,82,1,1,1,,"The borrower has a low debt-to-income ratio and a high income, indicating a strong ability to repay the loan."
1,top_features_only,83,1,1,1,,"The borrower has a moderate debt-to-income ratio and a high income, suggesting a manageable debt burden."
1,top_features_only,84,1,1,1,,"The borrower has a low debt-to-income ratio and a high income, indicating a strong ability to repay the loan."
1,top_features_only,85,1,0,0,,"The borrower has a high debt-to-income ratio and a high revolving utilization rate, indicating a high risk of default."
1,top_features_only,86,1,1,1,,"The borrower has a moderate debt-to-income ratio and a high income, suggesting a manageable debt burden."
1,top_features_only,87,1,1,1,,"The borrower has a moderate debt-to-income ratio and a high income, suggesting a manageable debt burden."
1,top_features_only,88,1,0,0,,"The borrower has a high debt-to-income ratio and a high revolving utilization rate, indicating a high risk of default."
1,top_features_only,89,0,1,0,,"The borrower has a moderate debt-to-income ratio and a high income, suggesting a manageable debt burden."
1,top_features_only,90,0,0,1,,"The borrower has a high interest rate and a high debt-to-income ratio, indicating a high risk of default."
1,top_features_only,91,1,1,1,,"The borrower has a low debt-to-income ratio and a very high income, indicating a low risk of default."
1,top_features_only,92,0,0,1,,"The borrower has a high debt-to-income ratio and a high revolving utilization rate, indicating a high risk of default."
1,top_features_only,93,1,0,0,,"The borrower has a high debt-to-income ratio and a high revolving utilization rate, indicating a high risk of default."
1,top_features_only,94,1,0,0,,"The borrower has a high debt-to-income ratio and a high revolving utilization rate, indicating a high risk of default."
1,top_features_only,95,1,0,0,,"The borrower has a high debt-to-income ratio and a high revolving utilization rate, indicating a high risk of default."
1,top_features_only,96,1,1,1,,"The borrower has a low debt-to-income ratio and a very high income, indicating a low risk of default."
1,top_features_only,97,1,1,1,,"The borrower has a low debt-to-income ratio and a very high income, indicating a low risk of default."
1,top_features_only,98,0,0,1,,"The borrower has a very high interest rate and a high debt-to-income ratio, indicating a very high risk of default."
1,top_features_only,99,1,0,0,,"The borrower has a high debt-to-income ratio and a high revolving utilization rate, indicating a high risk of default."
2,top_features_only_run1,0,1,1,1,,"The borrower has a relatively low debt-to-income ratio and a high annual income, indicating a good ability to repay the loan."
2,top_features_only_run1,1,1,1,1,,"The borrower has a low debt-to-income ratio and a moderate annual income, suggesting a manageable loan repayment."
2,top_features_only_run1,2,1,1,1,,"The borrower has a low interest rate, a low debt-to-income ratio, and a high annual income, indicating a low risk of default."
2,top_features_only_run1,3,1,1,1,,"The borrower has a low interest rate, a moderate debt-to-income ratio, and a high annual income, suggesting a good ability to repay the loan."
2,top_features_only_run1,4,1,0,0,,"The borrower has a high debt-to-income ratio and a high revolving utilization rate, indicating a high risk of default."
2,top_features_only_run1,5,1,1,1,,"The borrower has a moderate interest rate, a moderate debt-to-income ratio, and a moderate annual income, suggesting a manageable loan repayment."
2,top_features_only_run1,6,1,1,1,,"The borrower has a low interest rate, a high debt-to-income ratio, but a moderate annual income, indicating a moderate risk of default."
2,top_features_only_run1,7,1,0,0,,"The borrower has a high interest rate, a low debt-to-income ratio, but a high revolving utilization rate, indicating a high risk of default."
2,top_features_only_run1,8,1,0,0,,"The borrower has a high interest rate, a high debt-to-income ratio, and a high revolving utilization rate, indicating a very high risk of default."
2,top_features_only_run1,9,1,1,1,,"The borrower has a moderate interest rate, a moderate debt-to-income ratio, and a high annual income, suggesting a good ability to repay the loan."
2,top_features_only_run1,10,1,0,0,,"The borrower has a high interest rate, a moderate debt-to-income ratio, and a moderate annual income, indicating a high risk of default."
2,top_features_only_run1,11,1,1,1,,"The borrower has a moderate interest rate, a moderate debt-to-income ratio, and a high annual income, suggesting a manageable loan repayment."
2,top_features_only_run1,12,1,0,0,,"The borrower has a high interest rate, a high debt-to-income ratio, and a moderate annual income, indicating a high risk of default."
2,top_features_only_run1,13,1,1,1,,"The borrower has a low interest rate, a low debt-to-income ratio, and a moderate annual income, suggesting a low risk of default."
2,top_features_only_run1,14,0,1,0,,"The borrower has a moderate interest rate, a low debt-to-income ratio, and a high annual income, indicating a good ability to repay the loan."
2,top_features_only_run1,15,1,1,1,,"The borrower has a low interest rate, a moderate debt-to-income ratio, and a moderate annual income, suggesting a manageable loan repayment."
2,top_features_only_run1,16,1,1,1,,"The borrower has a moderate interest rate, a moderate debt-to-income ratio, and a moderate annual income, indicating a moderate risk of default."
2,top_features_only_run1,17,1,0,0,,"The borrower has a high interest rate, a high debt-to-income ratio, and a low annual income, indicating a very high risk of default."
2,top_features_only_run1,18,1,0,0,,"The borrower has a moderate interest rate, a high debt-to-income ratio, and a moderate annual income, indicating a high risk of default."
2,top_features_only_run1,19,1,0,0,,"The borrower has a moderate interest rate, a high debt-to-income ratio, and a moderate annual income, indicating a high risk of default."
2,top_features_only_run1,20,1,0,0,,"The borrower has a high interest rate, a high debt-to-income ratio, and a moderate annual income, indicating a very high risk of default."
2,top_features_only_run1,21,0,0,1,,"The borrower has a moderate interest rate, a high debt-to-income ratio, and a moderate annual income, indicating a high risk of default."
2,top_features_only_run1,22,1,1,1,,"The borrower has a moderate interest rate, a low debt-to-income ratio, and a high annual income, suggesting a good ability to repay the loan."
2,top_features_only_run1,23,1,0,0,,"The borrower has a high interest rate, a high debt-to-income ratio, and a moderate annual income, indicating a very high risk of default."
2,top_features_only_run1,24,1,1,1,,"The borrower has a moderate interest rate, a low debt-to-income ratio, and a moderate annual income, suggesting a manageable loan repayment."
2,top_features_only_run1,25,1,0,0,,"The borrower has a high interest rate, a moderate debt-to-income ratio, and a high annual income, indicating a high risk of default."
2,top_features_only_run1,26,1,0,0,,"The borrower has a high interest rate, a moderate debt-to-income ratio, and a moderate annual income, indicating a high risk of default."
2,top_features_only_run1,27,0,0,1,,"The borrower has a moderate interest rate, a moderate debt-to-income ratio, and a moderate annual income, indicating a high risk of default."
2,top_features_only_run1,28,1,1,1,,"The borrower has a moderate interest rate, a moderate debt-to-income ratio, and a high annual income, suggesting a good ability to repay the loan."
2,top_features_only_run1,29,1,0,0,,"The borrower has a high interest rate, a moderate debt-to-income ratio, and a high annual income, indicating a high risk of default."
2,top_features_only_run1,30,1,1,1,,"The borrower has a low interest rate, a moderate debt-to-income ratio, and a moderate annual income, suggesting a manageable loan repayment."
2,top_features_only_run1,31,1,1,1,,"The borrower has a low interest rate, a low debt-to-income ratio, and a moderate annual income, indicating a low risk of default."
2,top_features_only_run1,32,0,0,1,,"The borrower has a high interest rate, a moderate debt-to-income ratio, and a high annual income, indicating a high risk of default."
2,top_features_only_run1,33,1,1,1,,"The borrower has a low interest rate, a moderate debt-to-income ratio, and a moderate annual income, suggesting a manageable loan repayment."
2,top_features_only_run1,34,0,0,1,,"The borrower has a moderate interest rate, a high debt-to-income ratio, and a low annual income, indicating a very high risk of default."
2,top_features_only_run1,35,1,0,0,,"The borrower has a high interest rate, a moderate debt-to-income ratio, and a moderate annual income, indicating a high risk of default."
2,top_features_only_run1,36,1,1,1,,"The borrower has a moderate interest rate, a low debt-to-income ratio, and a moderate annual income, suggesting a manageable loan repayment."
2,top_features_only_run1,37,1,1,1,,"The borrower has a moderate interest rate, a moderate debt-to-income ratio, and a very high annual income, indicating a good ability to repay the loan."
2,top_features_only_run1,38,1,1,1,,"The borrower has a moderate interest rate, a moderate debt-to-income ratio, and a moderate annual income, suggesting a manageable loan repayment."
2,top_features_only_run1,39,1,0,0,,"The borrower has a high interest rate, a moderate debt-to-income ratio, and a moderate annual income, indicating a high risk of default."
2,top_features_only_run1,40,1,1,1,,"The borrower has a moderate interest rate, a moderate debt-to-income ratio, and a high annual income, suggesting a good ability to repay the loan."
2,top_features_only_run1,41,1,0,0,,"The borrower has a moderate interest rate, a high debt-to-income ratio, and a high annual income, indicating a high risk of default."
2,top_features_only_run1,42,1,1,1,,"The borrower has a moderate interest rate, a moderate debt-to-income ratio, and a high annual income, suggesting a manageable loan repayment."
2,top_features_only_run1,43,0,0,1,,"The borrower has a moderate interest rate, a moderate debt-to-income ratio, and a low annual income, indicating a high risk of default."
2,top_features_only_run1,44,1,1,1,,"The borrower has a moderate interest rate, a moderate debt-to-income ratio, and a moderate annual income, suggesting a manageable loan repayment."
2,top_features_only_run1,45,1,1,1,,"The borrower has a moderate interest rate, a moderate debt-to-income ratio, and a moderate annual income, indicating a low risk of default."
2,top_features_only_run1,46,1,1,1,,"The borrower has a moderate interest rate, a moderate debt-to-income ratio, and a high annual income, suggesting a good ability to repay the loan."
2,top_features_only_run1,47,1,1,1,,"The borrower has a moderate interest rate, a moderate debt-to-income ratio, and a high annual income, indicating a low risk of default."
2,top_features_only_run1,48,1,1,1,,"The borrower has a moderate interest rate, a moderate debt-to-income ratio, and a high annual income, suggesting a manageable loan repayment."
2,top_features_only_run1,49,1,0,0,,"The borrower has a moderate interest rate, a high debt-to-income ratio, and a moderate annual income, indicating a high risk of default."
2,top_features_only_run1,50,1,1,1,,"The borrower has a high interest rate, a moderate debt-to-income ratio, and a moderate annual income, but a low loan amount, indicating a manageable loan repayment."
2,top_features_only_run1,51,1,0,0,,"The borrower has a high interest rate, a moderate debt-to-income ratio, and a moderate annual income, indicating a high risk of default."
2,top_features_only_run1,52,1,0,0,,"The borrower has a high interest rate, a moderate debt-to-income ratio, and a high annual income, but a high loan amount, indicating a high risk of default."
2,top_features_only_run1,53,1,1,1,,"The borrower has a moderate interest rate, a low debt-to-income ratio, and a very high annual income, suggesting a good ability to repay the loan."
2,top_features_only_run1,54,1,0,0,,"The borrower has a high interest rate, a low debt-to-income ratio, and a high annual income, but a high loan amount, indicating a high risk of default."
2,top_features_only_run1,55,1,0,0,,"The borrower has a high interest rate, a moderate debt-to-income ratio, and a moderate annual income, indicating a very high risk of default."
2,top_features_only_run1,56,1,0,0,,"The borrower has a moderate interest rate, a high debt-to-income ratio, and a moderate annual income, indicating a high risk of default."
2,top_features_only_run1,57,1,0,0,,"The borrower has a high interest rate, a moderate debt-to-income ratio, and a moderate annual income, indicating a high risk of default."
2,top_features_only_run1,58,1,1,1,,"The borrower has a low interest rate, a low debt-to-income ratio, and a very high annual income, suggesting a low risk of default."
2,top_features_only_run1,59,0,0,1,,"The borrower has a high interest rate, a moderate debt-to-income ratio, and a moderate annual income, indicating a high risk of default."
2,top_features_only_run1,60,1,0,0,,"The borrower has a very high interest rate, a moderate debt-to-income ratio, and a high annual income, indicating a very high risk of default."
2,top_features_only_run1,61,0,0,1,,"The borrower has a moderate interest rate, a moderate debt-to-income ratio, and a moderate annual income, indicating a high risk of default."
2,top_features_only_run1,62,1,1,1,,"The borrower has a moderate interest rate, a moderate debt-to-income ratio, and a moderate annual income, suggesting a manageable loan repayment."
2,top_features_only_run1,63,1,0,0,,"The borrower has a moderate interest rate, a high debt-to-income ratio, and a moderate annual income, indicating a high risk of default."
2,top_features_only_run1,64,1,1,1,,"The borrower has a moderate interest rate, a high debt-to-income ratio, and a high annual income, suggesting a manageable loan repayment."
2,top_features_only_run1,65,1,1,1,,"The borrower has a moderate interest rate, a moderate debt-to-income ratio, and a moderate annual income, indicating a low risk of default."
2,top_features_only_run1,66,1,0,0,,"The borrower has a moderate interest rate, a high debt-to-income ratio, and a moderate annual income, indicating a high risk of default."
2,top_features_only_run1,67,1,1,1,,"The borrower has a low interest rate, a moderate debt-to-income ratio, and a high annual income, suggesting a good ability to repay the loan."
2,top_features_only_run1,68,1,0,0,,"The borrower has a high interest rate, a high debt-to-income ratio, and a low annual income, indicating a very high risk of default."
2,top_features_only_run1,69,0,0,1,,"The borrower has a very high interest rate, a high debt-to-income ratio, and a moderate annual income, indicating a very high risk of default."
2,top_features_only_run1,70,1,1,1,,"The borrower has a moderate interest rate, a low debt-to-income ratio, and a high annual income, suggesting a manageable loan repayment."
2,top_features_only_run1,71,1,0,0,,"The borrower has a high interest rate, a moderate debt-to-income ratio, and a high annual income, but a high revolving utilization rate, indicating a high risk of default."
2,top_features_only_run1,72,1,1,1,,"The borrower has a high interest rate, a moderate debt-to-income ratio, and a high annual income, but a low revolving utilization rate, indicating a manageable loan repayment."
2,top_features_only_run1,73,1,0,0,,"The borrower has a high interest rate, a moderate debt-to-income ratio, and a high annual income, but a high loan amount, indicating a high risk of default."
2,top_features_only_run1,74,0,0,1,,"The borrower has a high interest rate, a high debt-to-income ratio, and a moderate annual income, indicating a very high risk of default."
2,top_features_only_run1,75,1,1,1,,"The borrower has a moderate interest rate, a moderate debt-to-income ratio, and a moderate annual income, suggesting a manageable loan repayment."
2,top_features_only_run1,76,1,1,1,,"The borrower has a moderate interest rate, a low debt-to-income ratio, and a high annual income, indicating a low risk of default."
2,top_features_only_run1,77,1,1,1,,"The borrower has a moderate interest rate, a moderate debt-to-income ratio, and a moderate annual income, suggesting a manageable loan repayment."
2,top_features_only_run1,78,0,1,0,,"The borrower has a moderate interest rate, a moderate debt-to-income ratio, and a moderate annual income, indicating a low risk of default."
2,top_features_only_run1,79,1,1,1,,"The borrower has a moderate interest rate, a low debt-to-income ratio, and a very high annual income, suggesting a good ability to repay the loan."
2,top_features_only_run1,80,1,0,0,,"The borrower has a high interest rate, a high debt-to-income ratio, and a moderate annual income, indicating a very high risk of default."
2,top_features_only_run1,81,1,1,1,,"The borrower has a moderate interest rate, a low debt-to-income ratio, and a high annual income, suggesting a manageable loan repayment."
2,top_features_only_run1,82,1,1,1,,"The borrower has a moderate interest rate, a low debt-to-income ratio, and a moderate annual income, indicating a low risk of default."
2,top_features_only_run1,83,1,1,1,,"The borrower has a moderate interest rate, a moderate debt-to-income ratio, and a high annual income, suggesting a manageable loan repayment."
2,top_features_only_run1,84,1,1,1,,"The borrower has a high interest rate, a moderate debt-to-income ratio, and a high annual income, but a low revolving utilization rate, indicating a manageable loan repayment."
2,top_features_only_run1,85,1,0,0,,"The borrower has a moderate interest rate, a high debt-to-income ratio, and a low annual income, indicating a very high risk of default."
2,top_features_only_run1,86,1,1,1,,"The borrower has a moderate interest rate, a moderate debt-to-income ratio, and a very high annual income, suggesting a good ability to repay the loan."
2,top_features_only_run1,87,1,1,1,,"The borrower has a moderate interest rate, a moderate debt-to-income ratio, and a moderate annual income, indicating a low risk of default."
2,top_features_only_run1,88,1,0,0,,"The borrower has a moderate interest rate, a high debt-to-income ratio, and a moderate annual income, indicating a high risk of default."
2,top_features_only_run1,89,0,1,0,,"The borrower has a moderate interest rate, a moderate debt-to-income ratio, and a high annual income, suggesting a manageable loan repayment."
2,top_features_only_run1,90,0,0,1,,"The borrower has a high interest rate, a moderate debt-to-income ratio, and a high annual income, indicating a high risk of default."
2,top_features_only_run1,91,1,1,1,,"The borrower has a low interest rate, a low debt-to-income ratio, and a very high annual income, suggesting a low risk of default."
2,top_features_only_run1,92,0,1,0,,"The borrower has a moderate interest rate, a moderate debt-to-income ratio, and a moderate annual income, indicating a manageable loan repayment."
2,top_features_only_run1,93,1,0,0,,"The borrower has a moderate interest rate, a high debt-to-income ratio, and a high annual income, indicating a high risk of default."
2,top_features_only_run1,94,1,0,0,,"The borrower has a moderate interest rate, a high debt-to-income ratio, and a moderate annual income, indicating a high risk of default."
2,top_features_only_run1,95,1,0,0,,"The borrower has a high interest rate, a high debt-to-income ratio, and a moderate annual income, indicating a very high risk of default."
2,top_features_only_run1,96,1,1,1,,"The borrower has a low interest rate, a moderate debt-to-income ratio, and a very high annual income, suggesting a good ability to repay the loan."
2,top_features_only_run1,97,1,1,1,,"The borrower has a low interest rate, a high debt-to-income ratio, and a very high annual income, indicating a manageable loan repayment."
2,top_features_only_run1,98,0,0,1,,"The borrower has a high interest rate, a moderate debt-to-income ratio, and a high annual income, but a high revolving utilization rate, indicating a high risk of default."
2,top_features_only_run1,99,1,0,0,,"The borrower has a high interest rate, a high debt-to-income ratio, and a moderate annual income, indicating a very high risk of default."
2,top_features_only_run2,0,1,1,1,,"The borrower has a relatively low debt-to-income ratio and a stable income, indicating a low risk of default."
2,top_features_only_run2,1,1,1,1,,"The borrower has a low debt-to-income ratio and a moderate interest rate, suggesting a manageable loan repayment."
2,top_features_only_run2,2,1,1,1,,"The borrower has a high income and a low debt-to-income ratio, indicating a low risk of default."
2,top_features_only_run2,3,1,1,1,,"The borrower has a low interest rate and a high income, suggesting a low risk of default."
2,top_features_only_run2,4,1,0,0,,"The borrower has a high debt-to-income ratio and a high revolving utilization rate, indicating a high risk of default."
2,top_features_only_run2,5,1,1,1,,"The borrower has a moderate debt-to-income ratio and a low revolving utilization rate, suggesting a manageable loan repayment."
2,top_features_only_run2,6,1,1,1,,"The borrower has a low interest rate and a high income, indicating a low risk of default."
2,top_features_only_run2,7,1,0,0,,"The borrower has a high interest rate and a high revolving utilization rate, suggesting a high risk of default."
2,top_features_only_run2,8,1,0,0,,"The borrower has a high debt-to-income ratio and a high revolving utilization rate, indicating a high risk of default."
2,top_features_only_run2,9,1,1,1,,"The borrower has a moderate debt-to-income ratio and a high income, suggesting a manageable loan repayment."
2,top_features_only_run2,10,1,0,0,,"The borrower has a high debt-to-income ratio and a high revolving utilization rate, indicating a high risk of default."
2,top_features_only_run2,11,1,1,1,,"The borrower has a high income and a moderate debt-to-income ratio, suggesting a manageable loan repayment."
2,top_features_only_run2,12,1,0,0,,"The borrower has a high debt-to-income ratio and a high revolving utilization rate, indicating a high risk of default."
2,top_features_only_run2,13,1,1,1,,"The borrower has a low interest rate and a low debt-to-income ratio, indicating a low risk of default."
2,top_features_only_run2,14,0,1,0,,"The borrower has a moderate debt-to-income ratio and a high income, suggesting a manageable loan repayment."
2,top_features_only_run2,15,1,1,1,,"The borrower has a low interest rate and a moderate debt-to-income ratio, indicating a low risk of default."
2,top_features_only_run2,16,1,1,1,,"The borrower has a moderate debt-to-income ratio and a high income, suggesting a manageable loan repayment."
2,top_features_only_run2,17,1,0,0,,"The borrower has a high debt-to-income ratio and a high revolving utilization rate, indicating a high risk of default."
2,top_features_only_run2,18,1,0,0,,"The borrower has a high debt-to-income ratio and a high revolving utilization rate, suggesting a high risk of default."
2,top_features_only_run2,19,1,0,0,,"The borrower has a high debt-to-income ratio and a high revolving utilization rate, indicating a high risk of default."
2,top_features_only_run2,20,1,0,0,,"The borrower has a high interest rate and a high debt-to-income ratio, suggesting a high risk of default."
2,top_features_only_run2,21,0,0,1,,"The borrower has a high debt-to-income ratio and a high revolving utilization rate, indicating a high risk of default."
2,top_features_only_run2,22,1,1,1,,"The borrower has a moderate debt-to-income ratio and a high income, suggesting a manageable loan repayment."
2,top_features_only_run2,23,1,0,0,,"The borrower has a high interest rate and a high debt-to-income ratio, indicating a high risk of default."
2,top_features_only_run2,24,1,1,1,,"The borrower has a low debt-to-income ratio and a moderate interest rate, suggesting a manageable loan repayment."
2,top_features_only_run2,25,1,0,0,,"The borrower has a high interest rate and a high debt-to-income ratio, indicating a high risk of default."
2,top_features_only_run2,26,1,0,0,,"The borrower has a high interest rate and a high debt-to-income ratio, suggesting a high risk of default."
2,top_features_only_run2,27,0,0,1,,"The borrower has a high debt-to-income ratio and a high revolving utilization rate, indicating a high risk of default."
2,top_features_only_run2,28,1,1,1,,"The borrower has a moderate debt-to-income ratio and a high income, suggesting a manageable loan repayment."
2,top_features_only_run2,29,1,0,0,,"The borrower has a high interest rate and a high debt-to-income ratio, indicating a high risk of default."
2,top_features_only_run2,30,1,1,1,,"The borrower has a low interest rate and a moderate debt-to-income ratio, suggesting a manageable loan repayment."
2,top_features_only_run2,31,1,1,1,,"The borrower has a low debt-to-income ratio and a moderate interest rate, indicating a low risk of default."
2,top_features_only_run2,32,0,0,1,,"The borrower has a high interest rate and a high debt-to-income ratio, suggesting a high risk of default."
2,top_features_only_run2,33,1,1,1,,"The borrower has a moderate debt-to-income ratio and a high income, suggesting a manageable loan repayment."
2,top_features_only_run2,34,0,0,1,,"The borrower has a high debt-to-income ratio and a high revolving utilization rate, indicating a high risk of default."
2,top_features_only_run2,35,1,0,0,,"The borrower has a high interest rate and a high debt-to-income ratio, suggesting a high risk of default."
2,top_features_only_run2,36,1,1,1,,"The borrower has a low debt-to-income ratio and a moderate interest rate, indicating a low risk of default."
2,top_features_only_run2,37,1,0,0,,"The borrower has a high debt-to-income ratio and a high revolving utilization rate, suggesting a high risk of default."
2,top_features_only_run2,38,1,1,1,,"The borrower has a moderate debt-to-income ratio and a high income, suggesting a manageable loan repayment."
2,top_features_only_run2,39,1,0,0,,"The borrower has a high interest rate and a high debt-to-income ratio, indicating a high risk of default."
2,top_features_only_run2,40,1,1,1,,"The borrower has a moderate debt-to-income ratio and a high income, suggesting a manageable loan repayment."
2,top_features_only_run2,41,1,0,0,,"The borrower has a high debt-to-income ratio and a high revolving utilization rate, indicating a high risk of default."
2,top_features_only_run2,42,1,1,1,,"The borrower has a moderate debt-to-income ratio and a high income, suggesting a manageable loan repayment."
2,top_features_only_run2,43,0,0,1,,"The borrower has a high debt-to-income ratio and a high revolving utilization rate, indicating a high risk of default."
2,top_features_only_run2,44,1,1,1,,"The borrower has a moderate debt-to-income ratio and a high income, suggesting a manageable loan repayment."
2,top_features_only_run2,45,1,1,1,,"The borrower has a low debt-to-income ratio and a moderate interest rate, indicating a low risk of default."
2,top_features_only_run2,46,1,1,1,,"The borrower has a moderate debt-to-income ratio and a high income, suggesting a manageable loan repayment."
2,top_features_only_run2,47,1,1,1,,"The borrower has a moderate debt-to-income ratio and a high income, indicating a manageable loan repayment."
2,top_features_only_run2,48,1,1,1,,"The borrower has a moderate debt-to-income ratio and a high income, suggesting a manageable loan repayment."
2,top_features_only_run2,49,1,0,0,,"The borrower has a high debt-to-income ratio and a high revolving utilization rate, indicating a high risk of default."
2,top_features_only_run2,50,1,0,0,,"The borrower has a high interest rate and a high debt-to-income ratio, suggesting a high risk of default."
2,top_features_only_run2,51,1,0,0,,"The borrower has a high debt-to-income ratio and a high revolving utilization rate, indicating a high risk of default."
2,top_features_only_run2,52,1,0,0,,"The borrower has a high debt-to-income ratio and a high revolving utilization rate, suggesting a high risk of default."
2,top_features_only_run2,53,1,1,1,,"The borrower has a moderate debt-to-income ratio and a high income, indicating a manageable loan repayment."
2,top_features_only_run2,54,1,0,0,,"The borrower has a high interest rate and a high debt-to-income ratio, suggesting a high risk of default."
2,top_features_only_run2,55,1,0,0,,"The borrower has a high interest rate and a high debt-to-income ratio, indicating a high risk of default."
2,top_features_only_run2,56,1,0,0,,"The borrower has a high debt-to-income ratio and a high revolving utilization rate, suggesting a high risk of default."
2,top_features_only_run2,57,1,0,0,,"The borrower has a high debt-to-income ratio and a high revolving utilization rate, indicating a high risk of default."
2,top_features_only_run2,58,1,1,1,,"The borrower has a low interest rate and a high income, indicating a low risk of default."
2,top_features_only_run2,59,0,0,1,,"The borrower has a high interest rate and a high debt-to-income ratio, suggesting a high risk of default."
2,top_features_only_run2,60,1,0,0,,"The borrower has a high interest rate and a high debt-to-income ratio, indicating a high risk of default."
2,top_features_only_run2,61,0,0,1,,"The borrower has a high debt-to-income ratio and a high revolving utilization rate, suggesting a high risk of default."
2,top_features_only_run2,62,1,1,1,,"The borrower has a moderate debt-to-income ratio and a high income, indicating a manageable loan repayment."
2,top_features_only_run2,63,1,0,0,,"The borrower has a high debt-to-income ratio and a high revolving utilization rate, suggesting a high risk of default."
2,top_features_only_run2,64,1,1,1,,"The borrower has a moderate debt-to-income ratio and a high income, indicating a manageable loan repayment."
2,top_features_only_run2,65,1,1,1,,"The borrower has a moderate debt-to-income ratio and a high income, suggesting a manageable loan repayment."
2,top_features_only_run2,66,1,0,0,,"The borrower has a high debt-to-income ratio and a high revolving utilization rate, indicating a high risk of default."
2,top_features_only_run2,67,1,1,1,,"The borrower has a low debt-to-income ratio and a moderate interest rate, indicating a low risk of default."
2,top_features_only_run2,68,1,0,0,,"The borrower has a high debt-to-income ratio and a high revolving utilization rate, suggesting a high risk of default."
2,top_features_only_run2,69,0,0,1,,"The borrower has a high interest rate and a high debt-to-income ratio, indicating a high risk of default."
2,top_features_only_run2,70,1,1,1,,"The borrower has a low debt-to-income ratio and a moderate interest rate, suggesting a manageable loan repayment."
2,top_features_only_run2,71,1,0,0,,"The borrower has a high interest rate and a high debt-to-income ratio, suggesting a high risk of default."
2,top_features_only_run2,72,1,1,1,,"The borrower has a moderate debt-to-income ratio and a high income, indicating a manageable loan repayment."
2,top_features_only_run2,73,1,0,0,,"The borrower has a high interest rate and a high debt-to-income ratio, suggesting a high risk of default."
2,top_features_only_run2,74,0,0,1,,"The borrower has a high debt-to-income ratio and a high revolving utilization rate, indicating a high risk of default."
2,top_features_only_run2,75,1,1,1,,"The borrower has a moderate debt-to-income ratio and a high income, suggesting a manageable loan repayment."
2,top_features_only_run2,76,1,1,1,,"The borrower has a moderate debt-to-income ratio and a high income, indicating a manageable loan repayment."
2,top_features_only_run2,77,1,1,1,,"The borrower has a moderate debt-to-income ratio and a high income, suggesting a manageable loan repayment."
2,top_features_only_run2,78,0,1,0,,"The borrower has a moderate debt-to-income ratio and a high income, indicating a manageable loan repayment."
2,top_features_only_run2,79,1,1,1,,"The borrower has a low debt-to-income ratio and a moderate interest rate, suggesting a low risk of default."
2,top_features_only_run2,80,1,0,0,,"The borrower has a high interest rate and a high debt-to-income ratio, indicating a high risk of default."
2,top_features_only_run2,81,1,1,1,,"The borrower has a moderate debt-to-income ratio and a high income, suggesting a manageable loan repayment."
2,top_features_only_run2,82,1,1,1,,"The borrower has a low debt-to-income ratio and a moderate interest rate, indicating a low risk of default."
2,top_features_only_run2,83,1,1,1,,"The borrower has a moderate debt-to-income ratio and a high income, suggesting a manageable loan repayment."
2,top_features_only_run2,84,1,1,1,,"The borrower has a moderate debt-to-income ratio and a high income, indicating a manageable loan repayment."
2,top_features_only_run2,85,1,0,0,,"The borrower has a high debt-to-income ratio and a high revolving utilization rate, suggesting a high risk of default."
2,top_features_only_run2,86,1,1,1,,"The borrower has a moderate debt-to-income ratio and a high income, indicating a manageable loan repayment."
2,top_features_only_run2,87,1,1,1,,"The borrower has a moderate debt-to-income ratio and a high income, suggesting a manageable loan repayment."
2,top_features_only_run2,88,1,0,0,,"The borrower has a high debt-to-income ratio and a high revolving utilization rate, indicating a high risk of default."
2,top_features_only_run2,89,0,1,0,,"The borrower has a moderate debt-to-income ratio and a high income, suggesting a manageable loan repayment."
2,top_features_only_run2,90,0,0,1,,"The borrower has a high debt-to-income ratio and a high revolving utilization rate, indicating a high risk of default."
2,top_features_only_run2,91,1,1,1,,"The borrower has a low debt-to-income ratio and a moderate interest rate, indicating a low risk of default."
2,top_features_only_run2,92,0,0,1,,"The borrower has a high debt-to-income ratio and a high revolving utilization rate, suggesting a high risk of default."
2,top_features_only_run2,93,1,0,0,,"The borrower has a high debt-to-income ratio and a high revolving utilization rate, indicating a high risk of default."
2,top_features_only_run2,94,1,0,0,,"The borrower has a high debt-to-income ratio and a high revolving utilization rate, suggesting a high risk of default."
2,top_features_only_run2,95,1,0,0,,"The borrower has a high debt-to-income ratio and a high revolving utilization rate, indicating a high risk of default."
2,top_features_only_run2,96,1,1,1,,"The borrower has a low debt-to-income ratio and a moderate interest rate, indicating a low risk of default."
2,top_features_only_run2,97,1,1,1,,"The borrower has a low debt-to-income ratio and a moderate interest rate, suggesting a low risk of default."
2,top_features_only_run2,98,0,0,1,,"The borrower has a high interest rate and a high debt-to-income ratio, indicating a high risk of default."
2,top_features_only_run2,99,1,0,0,,"The borrower has a high debt-to-income ratio and a high revolving utilization rate, suggesting a high risk of default."
2,top_features_only_run3,0,1,1,1,,"The borrower has a relatively low debt-to-income ratio and a moderate interest rate, indicating a manageable loan burden."
2,top_features_only_run3,1,1,1,1,,"The borrower has a low debt-to-income ratio and a moderate interest rate, indicating a low risk of default."
2,top_features_only_run3,2,1,1,1,,"The borrower has a low debt-to-income ratio, a low interest rate, and a high income, indicating a low risk of default."
2,top_features_only_run3,3,1,1,1,,"The borrower has a low debt-to-income ratio, a low interest rate, and a high income, indicating a low risk of default."
2,top_features_only_run3,4,1,0,0,,"The borrower has a high debt-to-income ratio and a high revolving utilization rate, indicating a high risk of default."
2,top_features_only_run3,5,1,1,1,,"The borrower has a moderate debt-to-income ratio and a moderate interest rate, indicating a manageable loan burden."
2,top_features_only_run3,6,1,1,1,,"The borrower has a low debt-to-income ratio, a low interest rate, and a high income, indicating a low risk of default."
2,top_features_only_run3,7,1,0,0,,"The borrower has a high interest rate and a high revolving utilization rate, indicating a high risk of default."
2,top_features_only_run3,8,1,0,0,,"The borrower has a high debt-to-income ratio, a high interest rate, and a high revolving utilization rate, indicating a high risk of default."
2,top_features_only_run3,9,1,1,1,,"The borrower has a moderate debt-to-income ratio and a moderate interest rate, indicating a manageable loan burden."
2,top_features_only_run3,10,1,0,0,,"The borrower has a high debt-to-income ratio and a high revolving utilization rate, indicating a high risk of default."
2,top_features_only_run3,11,1,1,1,,"The borrower has a moderate debt-to-income ratio and a moderate interest rate, indicating a manageable loan burden."
2,top_features_only_run3,12,1,0,0,,"The borrower has a high debt-to-income ratio and a high revolving utilization rate, indicating a high risk of default."
2,top_features_only_run3,13,1,1,1,,"The borrower has a low debt-to-income ratio, a low interest rate, and a high income, indicating a low risk of default."
2,top_features_only_run3,14,0,1,0,,"The borrower has a low debt-to-income ratio and a moderate interest rate, indicating a low risk of default."
2,top_features_only_run3,15,1,1,1,,"The borrower has a moderate debt-to-income ratio and a low interest rate, indicating a manageable loan burden."
2,top_features_only_run3,16,1,1,1,,"The borrower has a moderate debt-to-income ratio and a moderate interest rate, indicating a manageable loan burden."
2,top_features_only_run3,17,1,0,0,,"The borrower has a high debt-to-income ratio and a high revolving utilization rate, indicating a high risk of default."
2,top_features_only_run3,18,1,0,0,,"The borrower has a high debt-to-income ratio and a high revolving utilization rate, indicating a high risk of default."
2,top_features_only_run3,19,1,0,0,,"The borrower has a high debt-to-income ratio and a high revolving utilization rate, indicating a high risk of default."
2,top_features_only_run3,20,1,0,0,,"The borrower has a high debt-to-income ratio, a high interest rate, and a high revolving utilization rate, indicating a high risk of default."
2,top_features_only_run3,21,0,0,1,,"The borrower has a high debt-to-income ratio and a high revolving utilization rate, indicating a high risk of default."
2,top_features_only_run3,22,1,1,1,,"The borrower has a low debt-to-income ratio and a moderate interest rate, indicating a low risk of default."
2,top_features_only_run3,23,1,0,0,,"The borrower has a high debt-to-income ratio, a high interest rate, and a high revolving utilization rate, indicating a high risk of default."
2,top_features_only_run3,24,1,1,1,,"The borrower has a low debt-to-income ratio and a moderate interest rate, indicating a low risk of default."
2,top_features_only_run3,25,1,0,0,,"The borrower has a high debt-to-income ratio, a high interest rate, and a high revolving utilization rate, indicating a high risk of default."
2,top_features_only_run3,26,1,0,0,,"The borrower has a high debt-to-income ratio and a high interest rate, indicating a high risk of default."
2,top_features_only_run3,27,0,0,1,,"The borrower has a high debt-to-income ratio and a high revolving utilization rate, indicating a high risk of default."
2,top_features_only_run3,28,1,0,0,,"The borrower has a high debt-to-income ratio and a high revolving utilization rate, indicating a high risk of default."
2,top_features_only_run3,29,1,0,0,,"The borrower has a high debt-to-income ratio, a high interest rate, and a high revolving utilization rate, indicating a high risk of default."
2,top_features_only_run3,30,1,1,1,,"The borrower has a moderate debt-to-income ratio and a low interest rate, indicating a manageable loan burden."
2,top_features_only_run3,31,1,1,1,,"The borrower has a low debt-to-income ratio, a low interest rate, and a high income, indicating a low risk of default."
2,top_features_only_run3,32,0,0,1,,"The borrower has a high debt-to-income ratio, a high interest rate, and a high revolving utilization rate, indicating a high risk of default."
2,top_features_only_run3,33,1,1,1,,"The borrower has a moderate debt-to-income ratio and a low interest rate, indicating a manageable loan burden."
2,top_features_only_run3,34,0,0,1,,"The borrower has a high debt-to-income ratio and a high revolving utilization rate, indicating a high risk of default."
2,top_features_only_run3,35,1,0,0,,"The borrower has a high debt-to-income ratio and a high interest rate, indicating a high risk of default."
2,top_features_only_run3,36,1,1,1,,"The borrower has a low debt-to-income ratio and a moderate interest rate, indicating a low risk of default."
2,top_features_only_run3,37,1,0,0,,"The borrower has a high debt-to-income ratio and a high revolving utilization rate, indicating a high risk of default."
2,top_features_only_run3,38,1,1,1,,"The borrower has a moderate debt-to-income ratio and a moderate interest rate, indicating a manageable loan burden."
2,top_features_only_run3,39,1,0,0,,"The borrower has a high debt-to-income ratio and a high revolving utilization rate, indicating a high risk of default."
2,top_features_only_run3,40,1,1,1,,"The borrower has a moderate debt-to-income ratio and a moderate interest rate, indicating a manageable loan burden."
2,top_features_only_run3,41,1,0,0,,"The borrower has a high debt-to-income ratio and a high revolving utilization rate, indicating a high risk of default."
2,top_features_only_run3,42,1,1,1,,"The borrower has a moderate debt-to-income ratio and a moderate interest rate, indicating a manageable loan burden."
2,top_features_only_run3,43,0,0,1,,"The borrower has a high debt-to-income ratio and a high revolving utilization rate, indicating a high risk of default."
2,top_features_only_run3,44,1,1,1,,"The borrower has a moderate debt-to-income ratio and a moderate interest rate, indicating a manageable loan burden."
2,top_features_only_run3,45,1,1,1,,"The borrower has a low debt-to-income ratio and a moderate interest rate, indicating a low risk of default."
2,top_features_only_run3,46,1,1,1,,"The borrower has a moderate debt-to-income ratio and a moderate interest rate, indicating a manageable loan burden."
2,top_features_only_run3,47,1,1,1,,"The borrower has a moderate debt-to-income ratio and a moderate interest rate, indicating a manageable loan burden."
2,top_features_only_run3,48,1,1,1,,"The borrower has a moderate debt-to-income ratio and a moderate interest rate, indicating a manageable loan burden."
2,top_features_only_run3,49,1,0,0,,"The borrower has a high debt-to-income ratio and a high revolving utilization rate, indicating a high risk of default."
2,top_features_only_run3,50,1,0,0,,"The borrower has a high debt-to-income ratio and a high interest rate, indicating a high risk of default."
2,top_features_only_run3,51,1,0,0,,"The borrower has a high debt-to-income ratio and a high revolving utilization rate, indicating a high risk of default."
2,top_features_only_run3,52,1,0,0,,"The borrower has a high debt-to-income ratio, a high interest rate, and a high revolving utilization rate, indicating a high risk of default."
2,top_features_only_run3,53,1,1,1,,"The borrower has a low debt-to-income ratio and a moderate interest rate, indicating a low risk of default."
2,top_features_only_run3,54,1,0,0,,"The borrower has a high debt-to-income ratio, a high interest rate, and a high revolving utilization rate, indicating a high risk of default."
2,top_features_only_run3,55,1,0,0,,"The borrower has a high debt-to-income ratio, a high interest rate, and a high revolving utilization rate, indicating a high risk of default."
2,top_features_only_run3,56,1,0,0,,"The borrower has a high debt-to-income ratio and a high revolving utilization rate, indicating a high risk of default."
2,top_features_only_run3,57,1,0,0,,"The borrower has a high debt-to-income ratio and a high revolving utilization rate, indicating a high risk of default."
2,top_features_only_run3,58,1,1,1,,"The borrower has a low debt-to-income ratio, a low interest rate, and a high income, indicating a low risk of default."
2,top_features_only_run3,59,0,0,1,,"The borrower has a high debt-to-income ratio, a high interest rate, and a high revolving utilization rate, indicating a high risk of default."
2,top_features_only_run3,60,1,0,0,,"The borrower has a high debt-to-income ratio, a high interest rate, and a high revolving utilization rate, indicating a high risk of default."
2,top_features_only_run3,61,0,0,1,,"The borrower has a high debt-to-income ratio and a high revolving utilization rate, indicating a high risk of default."
2,top_features_only_run3,62,1,1,1,,"The borrower has a moderate debt-to-income ratio and a moderate interest rate, indicating a manageable loan burden."
2,top_features_only_run3,63,1,0,0,,"The borrower has a high debt-to-income ratio and a high revolving utilization rate, indicating a high risk of default."
2,top_features_only_run3,64,1,0,0,,"The borrower has a high debt-to-income ratio and a high revolving utilization rate, indicating a high risk of default."
2,top_features_only_run3,65,1,1,1,,"The borrower has a moderate debt-to-income ratio and a moderate interest rate, indicating a manageable loan burden."
2,top_features_only_run3,66,1,0,0,,"The borrower has a high debt-to-income ratio and a high revolving utilization rate, indicating a high risk of default."
2,top_features_only_run3,67,1,1,1,,"The borrower has a low debt-to-income ratio, a low interest rate, and a high income, indicating a low risk of default."
2,top_features_only_run3,68,1,0,0,,"The borrower has a high debt-to-income ratio and a high revolving utilization rate, indicating a high risk of default."
2,top_features_only_run3,69,0,0,1,,"The borrower has a high debt-to-income ratio, a high interest rate, and a high revolving utilization rate, indicating a high risk of default."
2,top_features_only_run3,70,1,1,1,,"The borrower has a low debt-to-income ratio and a moderate interest rate, indicating a low risk of default."
2,top_features_only_run3,71,1,0,0,,"The borrower has a high debt-to-income ratio, a high interest rate, and a high revolving utilization rate, indicating a high risk of default."
2,top_features_only_run3,72,1,1,1,,"The borrower has a moderate debt-to-income ratio and a moderate interest rate, indicating a manageable loan burden."
2,top_features_only_run3,73,1,0,0,,"The borrower has a high debt-to-income ratio, a high interest rate, and a high revolving utilization rate, indicating a high risk of default."
2,top_features_only_run3,74,0,0,1,,"The borrower has a high debt-to-income ratio and a high revolving utilization rate, indicating a high risk of default."
2,top_features_only_run3,75,1,1,1,,"The borrower has a moderate debt-to-income ratio and a moderate interest rate, indicating a manageable loan burden."
2,top_features_only_run3,76,1,1,1,,"The borrower has a low debt-to-income ratio and a moderate interest rate, indicating a low risk of default."
2,top_features_only_run3,77,1,1,1,,"The borrower has a moderate debt-to-income ratio and a moderate interest rate, indicating a manageable loan burden."
2,top_features_only_run3,78,0,1,0,,"The borrower has a low debt-to-income ratio and a moderate interest rate, indicating a low risk of default."
2,top_features_only_run3,79,1,1,1,,"The borrower has a low debt-to-income ratio, a moderate interest rate, and a high income, indicating a low risk of default."
2,top_features_only_run3,80,1,0,0,,"The borrower has a high debt-to-income ratio, a high interest rate, and a high revolving utilization rate, indicating a high risk of default."
2,top_features_only_run3,81,1,1,1,,"The borrower has a moderate debt-to-income ratio and a moderate interest rate, indicating a manageable loan burden."
2,top_features_only_run3,82,1,1,1,,"The borrower has a low debt-to-income ratio and a moderate interest rate, indicating a low risk of default."
2,top_features_only_run3,83,1,1,1,,"The borrower has a moderate debt-to-income ratio and a moderate interest rate, indicating a manageable loan burden."
2,top_features_only_run3,84,1,1,1,,"The borrower has a low debt-to-income ratio and a moderate interest rate, indicating a low risk of default."
2,top_features_only_run3,85,1,0,0,,"The borrower has a high debt-to-income ratio and a high revolving utilization rate, indicating a high risk of default."
2,top_features_only_run3,86,1,1,1,,"The borrower has a moderate debt-to-income ratio and a moderate interest rate, indicating a manageable loan burden."
2,top_features_only_run3,87,1,1,1,,"The borrower has a moderate debt-to-income ratio and a moderate interest rate, indicating a manageable loan burden."
2,top_features_only_run3,88,1,0,0,,"The borrower has a high debt-to-income ratio and a high revolving utilization rate, indicating a high risk of default."
2,top_features_only_run3,89,0,1,0,,"The borrower has a moderate debt-to-income ratio and a moderate interest rate, indicating a manageable loan burden."
2,top_features_only_run3,90,0,0,1,,"The borrower has a high debt-to-income ratio and a high revolving utilization rate, indicating a high risk of default."
2,top_features_only_run3,91,1,1,1,,"The borrower has a low debt-to-income ratio, a low interest rate, and a high income, indicating a low risk of default."
2,top_features_only_run3,92,0,0,1,,"The borrower has a high debt-to-income ratio and a high revolving utilization rate, indicating a high risk of default."
2,top_features_only_run3,93,1,0,0,,"The borrower has a high debt-to-income ratio, a high interest rate, and a high revolving utilization rate, indicating a high risk of default."
2,top_features_only_run3,94,1,0,0,,"The borrower has a high debt-to-income ratio and a high revolving utilization rate, indicating a high risk of default."
2,top_features_only_run3,95,1,0,0,,"The borrower has a high debt-to-income ratio and a high revolving utilization rate, indicating a high risk of default."
2,top_features_only_run3,96,1,1,1,,"The borrower has a moderate debt-to-income ratio and a low interest rate, indicating a manageable loan burden."
2,top_features_only_run3,97,1,1,1,,"The borrower has a low debt-to-income ratio, a low interest rate, and a high income, indicating a low risk of default."
2,top_features_only_run3,98,0,0,1,,"The borrower has a high debt-to-income ratio and a high revolving utilization rate, indicating a high risk of default."
2,top_features_only_run3,99,1,0,0,,"The borrower has a high debt-to-income ratio and a high revolving utilization rate, indicating a high risk of default."
3,top_features_only_new_batch,0,0,0,1,,High debt-to-income ratio and revolving utilization rate indicate a higher risk of default.
3,top_features_only_new_batch,1,1,0,0,,High debt-to-income ratio and revolving utilization rate suggest a higher risk of default.
3,top_features_only_new_batch,2,1,1,1,,Low debt-to-income ratio and revolving utilization rate indicate a lower risk of default.
3,top_features_only_new_batch,3,1,1,1,,"Moderate debt-to-income ratio and revolving utilization rate, but high annual income suggests a lower risk of default."
3,top_features_only_new_batch,4,1,1,1,,"Moderate debt-to-income ratio and revolving utilization rate, but moderate annual income suggests a lower risk of default."
3,top_features_only_new_batch,5,0,1,0,,Low debt-to-income ratio and revolving utilization rate indicate a lower risk of default.
3,top_features_only_new_batch,6,1,1,1,,"Very low debt-to-income ratio and revolving utilization rate, high annual income, and low interest rate indicate a low risk of default."
3,top_features_only_new_batch,7,0,1,0,,"Low debt-to-income ratio and revolving utilization rate, high annual income, and low interest rate indicate a low risk of default."
3,top_features_only_new_batch,8,1,1,1,,"Low debt-to-income ratio and revolving utilization rate, moderate annual income, and moderate interest rate indicate a lower risk of default."
3,top_features_only_new_batch,9,1,0,0,,High debt-to-income ratio and revolving utilization rate indicate a higher risk of default.
3,top_features_only_new_batch,10,1,0,0,,"Very high interest rate, high debt-to-income ratio, and high revolving utilization rate indicate a high risk of default."
3,top_features_only_new_batch,11,1,1,1,,"Low debt-to-income ratio and moderate revolving utilization rate, high annual income, and moderate interest rate indicate a lower risk of default."
3,top_features_only_new_batch,12,1,1,1,,"Low debt-to-income ratio and high revolving utilization rate, but high annual income and moderate interest rate suggest a lower risk of default."
3,top_features_only_new_batch,13,0,0,1,,"High debt-to-income ratio and revolving utilization rate, high interest rate, and large loan amount indicate a higher risk of default."
3,top_features_only_new_batch,14,0,0,1,,High debt-to-income ratio and revolving utilization rate indicate a higher risk of default.
3,top_features_only_new_batch,15,1,1,1,,"Low debt-to-income ratio, moderate revolving utilization rate, and very high annual income suggest a lower risk of default."
3,top_features_only_new_batch,16,1,1,1,,Very low debt-to-income ratio and moderate revolving utilization rate indicate a lower risk of default.
3,top_features_only_new_batch,17,1,1,1,,"Moderate debt-to-income ratio and revolving utilization rate, but moderate annual income and low interest rate suggest a lower risk of default."
3,top_features_only_new_batch,18,0,1,0,,"Low debt-to-income ratio and high revolving utilization rate, but high annual income and moderate interest rate indicate a lower risk of default."
3,top_features_only_new_batch,19,1,1,1,,"Low debt-to-income ratio and revolving utilization rate, high annual income, and moderate interest rate indicate a lower risk of default."
3,top_features_only_new_batch,20,0,0,1,,"High debt-to-income ratio and revolving utilization rate, high interest rate, and large loan amount indicate a higher risk of default."
3,top_features_only_new_batch,21,1,0,0,,High debt-to-income ratio and revolving utilization rate indicate a higher risk of default.
3,top_features_only_new_batch,22,1,1,1,,"Low debt-to-income ratio and high revolving utilization rate, but high annual income and moderate interest rate suggest a lower risk of default."
3,top_features_only_new_batch,23,1,1,1,,"Moderate debt-to-income ratio and revolving utilization rate, but high annual income and moderate interest rate indicate a lower risk of default."
3,top_features_only_new_batch,24,1,1,1,,"Moderate debt-to-income ratio and low revolving utilization rate, moderate annual income, and low interest rate indicate a lower risk of default."
3,top_features_only_new_batch,25,1,0,0,,"High interest rate, moderate debt-to-income ratio, and high revolving utilization rate indicate a higher risk of default."
3,top_features_only_new_batch,26,1,1,1,,"Moderate debt-to-income ratio and revolving utilization rate, but moderate annual income and moderate interest rate suggest a lower risk of default."
3,top_features_only_new_batch,27,0,0,1,,"High debt-to-income ratio and revolving utilization rate, high interest rate, and large loan amount indicate a higher risk of default."
3,top_features_only_new_batch,28,0,0,1,,High debt-to-income ratio and revolving utilization rate indicate a higher risk of default.
3,top_features_only_new_batch,29,1,0,0,,"High debt-to-income ratio and revolving utilization rate, moderate interest rate, and large loan amount indicate a higher risk of default."
3,top_features_only_new_batch,30,1,0,0,,"High debt-to-income ratio and revolving utilization rate, high interest rate, and large loan amount indicate a higher risk of default."
3,top_features_only_new_batch,31,1,1,1,,"Moderate debt-to-income ratio and high revolving utilization rate, but high annual income and low interest rate suggest a lower risk of default."
3,top_features_only_new_batch,32,1,0,0,,High debt-to-income ratio and revolving utilization rate indicate a higher risk of default.
3,top_features_only_new_batch,33,1,1,1,,"Moderate debt-to-income ratio and revolving utilization rate, but moderate annual income and moderate interest rate indicate a lower risk of default."
3,top_features_only_new_batch,34,0,0,1,,"Moderate debt-to-income ratio and high revolving utilization rate, high interest rate, and large loan amount indicate a higher risk of default."
3,top_features_only_new_batch,35,1,1,1,,"Moderate debt-to-income ratio and high revolving utilization rate, but moderate annual income and moderate interest rate suggest a lower risk of default."
3,top_features_only_new_batch,36,1,1,1,,"Low debt-to-income ratio and moderate revolving utilization rate, high annual income, and high interest rate indicate a lower risk of default."
3,top_features_only_new_batch,37,1,1,1,,"Moderate debt-to-income ratio and revolving utilization rate, but high annual income and moderate interest rate suggest a lower risk of default."
3,top_features_only_new_batch,38,0,0,1,,"Moderate debt-to-income ratio and high revolving utilization rate, high interest rate, and large loan amount indicate a higher risk of default."
3,top_features_only_new_batch,39,1,1,1,,"Low debt-to-income ratio and moderate revolving utilization rate, moderate annual income, and low interest rate indicate a lower risk of default."
3,top_features_only_new_batch,40,1,0,0,,High debt-to-income ratio and revolving utilization rate indicate a higher risk of default.
3,top_features_only_new_batch,41,1,1,1,,"Low debt-to-income ratio and revolving utilization rate, high annual income, and low interest rate indicate a low risk of default."
3,top_features_only_new_batch,42,1,0,0,,"Moderate debt-to-income ratio and high revolving utilization rate, high interest rate, and large loan amount indicate a higher risk of default."
3,top_features_only_new_batch,43,1,1,1,,"Low debt-to-income ratio and revolving utilization rate, high annual income, and moderate interest rate indicate a lower risk of default."
3,top_features_only_new_batch,44,1,1,1,,"Moderate debt-to-income ratio and revolving utilization rate, but moderate annual income and moderate interest rate suggest a lower risk of default."
3,top_features_only_new_batch,45,1,0,0,,"Moderate debt-to-income ratio and high revolving utilization rate, moderate interest rate, and large loan amount indicate a higher risk of default."
3,top_features_only_new_batch,46,1,0,0,,"High debt-to-income ratio and revolving utilization rate, high interest rate, and large loan amount indicate a higher risk of default."
3,top_features_only_new_batch,47,1,1,1,,"Moderate debt-to-income ratio and revolving utilization rate, but moderate annual income and moderate interest rate indicate a lower risk of default."
3,top_features_only_new_batch,48,1,0,0,,High debt-to-income ratio and revolving utilization rate indicate a higher risk of default.
3,top_features_only_new_batch,49,1,0,0,,"Moderate debt-to-income ratio and revolving utilization rate, high interest rate, and large loan amount indicate a higher risk of default."
3,top_features_only_new_batch,50,1,0,0,,"High debt-to-income ratio and revolving utilization rate, high interest rate, and large loan amount indicate a higher risk of default."
3,top_features_only_new_batch,51,1,1,1,,"Low debt-to-income ratio and revolving utilization rate, moderate annual income, and moderate interest rate indicate a lower risk of default."
3,top_features_only_new_batch,52,1,1,1,,"Low debt-to-income ratio and revolving utilization rate, high annual income, and moderate interest rate suggest a lower risk of default."
3,top_features_only_new_batch,53,1,1,1,,"Very low debt-to-income ratio and revolving utilization rate, high annual income, and low interest rate indicate a low risk of default."
3,top_features_only_new_batch,54,0,1,0,,"Moderate debt-to-income ratio and revolving utilization rate, but moderate annual income and moderate interest rate indicate a lower risk of default."
3,top_features_only_new_batch,55,1,0,0,,"High debt-to-income ratio and revolving utilization rate, high interest rate, and large loan amount indicate a higher risk of default."
3,top_features_only_new_batch,56,1,0,0,,High debt-to-income ratio and revolving utilization rate indicate a higher risk of default.
3,top_features_only_new_batch,57,1,0,0,,"High debt-to-income ratio and revolving utilization rate, moderate interest rate, and large loan amount indicate a higher risk of default."
3,top_features_only_new_batch,58,1,1,1,,"Moderate debt-to-income ratio and low revolving utilization rate, moderate annual income, and moderate interest rate indicate a lower risk of default."
3,top_features_only_new_batch,59,0,0,1,,"Moderate debt-to-income ratio and high revolving utilization rate, moderate interest rate, and large loan amount indicate a higher risk of default."
3,top_features_only_new_batch,60,1,0,0,,High debt-to-income ratio and revolving utilization rate indicate a higher risk of default.
3,top_features_only_new_batch,61,0,0,1,,"Moderate debt-to-income ratio and revolving utilization rate, high interest rate, and large loan amount indicate a higher risk of default."
3,top_features_only_new_batch,62,1,0,0,,High debt-to-income ratio and revolving utilization rate indicate a higher risk of default.
3,top_features_only_new_batch,63,1,0,0,,"Moderate debt-to-income ratio and high revolving utilization rate, high interest rate, and large loan amount indicate a higher risk of default."
3,top_features_only_new_batch,64,1,1,1,,"Moderate debt-to-income ratio and revolving utilization rate, but high annual income and moderate interest rate suggest a lower risk of default."
3,top_features_only_new_batch,65,0,0,1,,"High debt-to-income ratio and revolving utilization rate, high interest rate, and large loan amount indicate a higher risk of default."
3,top_features_only_new_batch,66,1,1,1,,"Very low debt-to-income ratio and revolving utilization rate, high annual income, and moderate interest rate indicate a low risk of default."
3,top_features_only_new_batch,67,1,0,0,,High debt-to-income ratio and revolving utilization rate indicate a higher risk of default.
3,top_features_only_new_batch,68,1,1,1,,"Moderate debt-to-income ratio and high revolving utilization rate, but high annual income and moderate interest rate suggest a lower risk of default."
3,top_features_only_new_batch,69,1,0,0,,"High debt-to-income ratio and revolving utilization rate, high interest rate, and large loan amount indicate a higher risk of default."
3,top_features_only_new_batch,70,0,0,1,,High debt-to-income ratio and revolving utilization rate indicate a higher risk of default.
3,top_features_only_new_batch,71,1,1,1,,"Low debt-to-income ratio and revolving utilization rate, moderate annual income, and moderate interest rate indicate a lower risk of default."
3,top_features_only_new_batch,72,1,1,1,,"Moderate debt-to-income ratio and revolving utilization rate, but moderate annual income and moderate interest rate suggest a lower risk of default."
3,top_features_only_new_batch,73,0,1,0,,"Moderate debt-to-income ratio and low revolving utilization rate, moderate annual income, and moderate interest rate indicate a lower risk of default."
3,top_features_only_new_batch,74,0,0,1,,High debt-to-income ratio and revolving utilization rate indicate a higher risk of default.
3,top_features_only_new_batch,75,0,0,1,,"High debt-to-income ratio and revolving utilization rate, high interest rate, and large loan amount indicate a higher risk of default."
3,top_features_only_new_batch,76,1,1,1,,"Moderate debt-to-income ratio and high revolving utilization rate, but high annual income and moderate interest rate suggest a lower risk of default."
3,top_features_only_new_batch,77,1,1,1,,"Moderate debt-to-income ratio and high revolving utilization rate, but moderate annual income and moderate interest rate indicate a lower risk of default."
3,top_features_only_new_batch,78,1,0,0,,"Moderate debt-to-income ratio and high revolving utilization rate, high interest rate, and large loan amount indicate a higher risk of default."
3,top_features_only_new_batch,79,0,0,1,,High debt-to-income ratio and revolving utilization rate indicate a higher risk of default.
3,top_features_only_new_batch,80,0,0,1,,"High debt-to-income ratio and revolving utilization rate, moderate interest rate, and large loan amount indicate a higher risk of default."
3,top_features_only_new_batch,81,1,0,0,,High debt-to-income ratio and revolving utilization rate indicate a higher risk of default.
3,top_features_only_new_batch,82,1,0,0,,"High debt-to-income ratio and revolving utilization rate, high interest rate, and large loan amount indicate a higher risk of default."
3,top_features_only_new_batch,83,1,0,0,,"High debt-to-income ratio and revolving utilization rate, high interest rate, and large loan amount indicate a higher risk of default."
3,top_features_only_new_batch,84,1,1,1,,"Moderate debt-to-income ratio and revolving utilization rate, but high annual income and moderate interest rate suggest a lower risk of default."
3,top_features_only_new_batch,85,1,1,1,,"Low debt-to-income ratio and high revolving utilization rate, but high annual income and moderate interest rate indicate a lower risk of default."
3,top_features_only_new_batch,86,0,0,1,,"Moderate debt-to-income ratio and high revolving utilization rate, moderate interest rate, and large loan amount indicate a higher risk of default."
3,top_features_only_new_batch,87,1,0,0,,High debt-to-income ratio and revolving utilization rate indicate a higher risk of default.
3,top_features_only_new_batch,88,1,1,1,,"Low debt-to-income ratio and moderate revolving utilization rate, moderate annual income, and moderate interest rate indicate a lower risk of default."
3,top_features_only_new_batch,89,1,1,1,,"Moderate debt-to-income ratio and revolving utilization rate, but high annual income and moderate interest rate suggest a lower risk of default."
3,top_features_only_new_batch,90,1,1,1,,"Low debt-to-income ratio and revolving utilization rate, moderate annual income, and moderate interest rate indicate a lower risk of default."
3,top_features_only_new_batch,91,1,0,0,,High debt-to-income ratio and revolving utilization rate indicate a higher risk of default.
3,top_features_only_new_batch,92,1,1,1,,"Moderate debt-to-income ratio and revolving utilization rate, but moderate annual income and moderate interest rate indicate a lower risk of default."
3,top_features_only_new_batch,93,1,1,1,,"Moderate debt-to-income ratio and high revolving utilization rate, but high annual income and moderate interest rate suggest a lower risk of default."
3,top_features_only_new_batch,94,1,0,0,,"High debt-to-income ratio and revolving utilization rate, high interest rate, and large loan amount indicate a higher risk of default."
3,top_features_only_new_batch,95,1,1,1,,"Moderate debt-to-income ratio and revolving utilization rate, but high annual income and low interest rate indicate a lower risk of default."
3,top_features_only_new_batch,96,0,0,1,,"High debt-to-income ratio and revolving utilization rate, moderate interest rate, and large loan amount indicate a higher risk of default."
3,top_features_only_new_batch,97,1,1,1,,"Moderate debt-to-income ratio and revolving utilization rate, but high annual income and moderate interest rate suggest a lower risk of default."
3,top_features_only_new_batch,98,1,1,1,,"Moderate debt-to-income ratio and revolving utilization rate, but high annual income and moderate interest rate indicate a lower risk of default."
3,top_features_only_new_batch,99,1,1,1,,"Low debt-to-income ratio and high revolving utilization rate, but moderate annual income and moderate interest rate suggest a lower risk of default."
